{
    "_id" : ObjectId("63ea28751a51b49b7050e20f"),
    "count" : NumberInt(3),
    "user_id" : "63ea27f51a51b49b7050e20a",
    "group_id" : "63ea27d01a51b49b7050e207",
    "createdAt" : ISODate("2023-02-13T12:09:25.295+0000"),
    "updatedAt" : ISODate("2023-02-13T12:13:56.547+0000"),
    "__v" : NumberInt(0)
}
{
    "_id" : ObjectId("63ee5e84bb9057146c1ce9e0"),
    "count" : NumberInt(1),
    "user_id" : "63ee5dabbb9057146c1ce9da",
    "group_id" : "63ee5d77bb9057146c1ce9d7",
    "createdAt" : ISODate("2023-02-16T16:49:08.264+0000"),
    "updatedAt" : ISODate("2023-02-16T16:49:08.264+0000"),
    "__v" : NumberInt(0)
}
{
    "_id" : ObjectId("6411f3a3028cc1c7dab893d4"),
    "count" : NumberInt(3),
    "user_id" : "63ee5dabbb9057146c1ce9da",
    "group_id" : "6411f2b2028cc1c7dab893ca",
    "createdAt" : ISODate("2023-03-15T16:34:43.134+0000"),
    "updatedAt" : ISODate("2023-03-15T16:46:51.644+0000"),
    "__v" : NumberInt(0)
}
{
    "_id" : ObjectId("642466513d9b558af7320d11"),
    "count" : NumberInt(3),
    "user_id" : "63ee5cadbb9057146c1ce9d6",
    "group_id" : "6421bd15fca0fc91b946ab93",
    "admin_id" : "63ee5dabbb9057146c1ce9da",
    "createdAt" : ISODate("2023-03-29T16:24:49.667+0000"),
    "updatedAt" : ISODate("2023-03-29T16:27:28.728+0000"),
    "__v" : NumberInt(0)
}
{
    "_id" : ObjectId("642466543d9b558af7320d12"),
    "count" : NumberInt(3),
    "user_id" : "63ee5cadbb9057146c1ce9d6",
    "group_id" : "6421bd08fca0fc91b946ab90",
    "admin_id" : "63ee5dabbb9057146c1ce9da",
    "createdAt" : ISODate("2023-03-29T16:24:52.244+0000"),
    "updatedAt" : ISODate("2023-03-29T16:27:30.672+0000"),
    "__v" : NumberInt(0)
}
{
    "_id" : ObjectId("642466563d9b558af7320d13"),
    "count" : NumberInt(3),
    "user_id" : "63ee5cadbb9057146c1ce9d6",
    "group_id" : "6421bb80fca0fc91b946ab79",
    "admin_id" : "63ee5dabbb9057146c1ce9da",
    "createdAt" : ISODate("2023-03-29T16:24:54.316+0000"),
    "updatedAt" : ISODate("2023-03-29T16:27:32.619+0000"),
    "__v" : NumberInt(0)
}
{
    "_id" : ObjectId("6425c8a63d9b558af7320d2d"),
    "count" : NumberInt(3),
    "user_id" : "640b9fb7028cc1c7dab89392",
    "group_id" : "6425c8983d9b558af7320d27",
    "admin_id" : "63ea33721a51b49b7050e224",
    "createdAt" : ISODate("2023-03-30T17:36:38.736+0000"),
    "updatedAt" : ISODate("2023-03-30T17:36:58.786+0000"),
    "__v" : NumberInt(0)
}
{
    "_id" : ObjectId("6436d30c587e68f5695cee05"),
    "count" : NumberInt(2),
    "user_id" : "640b9fb7028cc1c7dab89392",
    "group_id" : "6436d2e1587e68f5695cedf2",
    "admin_id" : "63ea33721a51b49b7050e224",
    "createdAt" : ISODate("2023-04-12T15:49:32.601+0000"),
    "updatedAt" : ISODate("2023-04-12T15:50:45.520+0000"),
    "__v" : NumberInt(0)
}
{
    "_id" : ObjectId("6436d358587e68f5695cee10"),
    "count" : NumberInt(2),
    "user_id" : "640b9fb7028cc1c7dab89392",
    "group_id" : "6436d338587e68f5695cee0a",
    "admin_id" : "63ea33721a51b49b7050e224",
    "createdAt" : ISODate("2023-04-12T15:50:48.145+0000"),
    "updatedAt" : ISODate("2023-04-12T16:10:11.137+0000"),
    "__v" : NumberInt(0)
}
{
    "_id" : ObjectId("6436d4bb587e68f5695cee17"),
    "count" : NumberInt(2),
    "user_id" : "63ea33721a51b49b7050e224",
    "group_id" : "6436d377587e68f5695cee11",
    "admin_id" : "640b9fb7028cc1c7dab89392",
    "createdAt" : ISODate("2023-04-12T15:56:43.400+0000"),
    "updatedAt" : ISODate("2023-04-12T16:13:17.583+0000"),
    "__v" : NumberInt(0)
}
{
    "_id" : ObjectId("6436d66e587e68f5695cee65"),
    "count" : NumberInt(3),
    "user_id" : "63ea33721a51b49b7050e224",
    "group_id" : "6436d4e8587e68f5695cee18",
    "admin_id" : "640b9fb7028cc1c7dab89392",
    "createdAt" : ISODate("2023-04-12T16:03:58.607+0000"),
    "updatedAt" : ISODate("2023-04-12T16:08:58.281+0000"),
    "__v" : NumberInt(0)
}
{
    "_id" : ObjectId("6436d7e4587e68f5695cee7e"),
    "count" : NumberInt(1),
    "user_id" : "640b9fb7028cc1c7dab89392",
    "group_id" : "6436d611587e68f5695cee5c",
    "admin_id" : "63ea33721a51b49b7050e224",
    "createdAt" : ISODate("2023-04-12T16:10:12.832+0000"),
    "updatedAt" : ISODate("2023-04-12T16:10:12.832+0000"),
    "__v" : NumberInt(0)
}
{
    "_id" : ObjectId("6436d7e7587e68f5695cee7f"),
    "count" : NumberInt(1),
    "user_id" : "640b9fb7028cc1c7dab89392",
    "group_id" : "6436d564587e68f5695cee24",
    "admin_id" : "63ea33721a51b49b7050e224",
    "createdAt" : ISODate("2023-04-12T16:10:15.250+0000"),
    "updatedAt" : ISODate("2023-04-12T16:10:15.250+0000"),
    "__v" : NumberInt(0)
}
{
    "_id" : ObjectId("6436d7e8587e68f5695cee80"),
    "count" : NumberInt(1),
    "user_id" : "640b9fb7028cc1c7dab89392",
    "group_id" : "6436d521587e68f5695cee1e",
    "admin_id" : "63ea33721a51b49b7050e224",
    "createdAt" : ISODate("2023-04-12T16:10:16.828+0000"),
    "updatedAt" : ISODate("2023-04-12T16:10:16.828+0000"),
    "__v" : NumberInt(0)
}
{
    "_id" : ObjectId("6436d82c587e68f5695cee99"),
    "count" : NumberInt(1),
    "user_id" : "63ea33721a51b49b7050e224",
    "group_id" : "6436d80f587e68f5695cee93",
    "admin_id" : "640b9fb7028cc1c7dab89392",
    "createdAt" : ISODate("2023-04-12T16:11:24.237+0000"),
    "updatedAt" : ISODate("2023-04-12T16:11:24.237+0000"),
    "__v" : NumberInt(0)
}
{
    "_id" : ObjectId("6436d905587e68f5695ceea9"),
    "count" : NumberInt(3),
    "user_id" : "63ea33721a51b49b7050e224",
    "group_id" : "6436d8d6587e68f5695ceea3",
    "admin_id" : "640b9fb7028cc1c7dab89392",
    "createdAt" : ISODate("2023-04-12T16:15:01.819+0000"),
    "updatedAt" : ISODate("2023-04-12T16:16:00.416+0000"),
    "__v" : NumberInt(0)
}
{
    "_id" : ObjectId("6447c1993c72337bf6aa09af"),
    "count" : NumberInt(1),
    "user_id" : "640b9fb7028cc1c7dab89392",
    "group_id" : "6436d521587e68f5695cee1e",
    "admin_id" : "63ee5cadbb9057146c1ce9d6",
    "createdAt" : ISODate("2023-04-25T12:03:37.173+0000"),
    "updatedAt" : ISODate("2023-04-25T12:03:37.173+0000"),
    "__v" : NumberInt(0)
}
{
    "_id" : ObjectId("6447c19b3c72337bf6aa09b0"),
    "count" : NumberInt(1),
    "user_id" : "640b9fb7028cc1c7dab89392",
    "group_id" : "6436d338587e68f5695cee0a",
    "admin_id" : "63ee5cadbb9057146c1ce9d6",
    "createdAt" : ISODate("2023-04-25T12:03:39.296+0000"),
    "updatedAt" : ISODate("2023-04-25T12:03:39.296+0000"),
    "__v" : NumberInt(0)
}
{
    "_id" : ObjectId("64494aec3c72337bf6aa09bb"),
    "count" : NumberInt(1),
    "user_id" : "640b9fb7028cc1c7dab89392",
    "group_id" : "6436d564587e68f5695cee24",
    "admin_id" : "64173349b3bb0a1a5742da3e",
    "createdAt" : ISODate("2023-04-26T16:01:48.999+0000"),
    "updatedAt" : ISODate("2023-04-26T16:01:48.999+0000"),
    "__v" : NumberInt(0)
}
{
    "_id" : ObjectId("64494bea3c72337bf6aa09c8"),
    "count" : NumberInt(2),
    "user_id" : "64173349b3bb0a1a5742da3e",
    "group_id" : "64494b0c3c72337bf6aa09bf",
    "admin_id" : "63ea33721a51b49b7050e224",
    "createdAt" : ISODate("2023-04-26T16:06:02.716+0000"),
    "updatedAt" : ISODate("2023-04-26T16:06:58.249+0000"),
    "__v" : NumberInt(0)
}
{
    "_id" : ObjectId("64494c843c72337bf6aa09e5"),
    "count" : NumberInt(3),
    "user_id" : "64173349b3bb0a1a5742da3e",
    "group_id" : "64494c683c72337bf6aa09dc",
    "admin_id" : "640b9fb7028cc1c7dab89392",
    "createdAt" : ISODate("2023-04-26T16:08:36.637+0000"),
    "updatedAt" : ISODate("2023-04-26T16:09:00.168+0000"),
    "__v" : NumberInt(0)
}
{
    "_id" : ObjectId("64494ca23c72337bf6aa09fb"),
    "count" : NumberInt(1),
    "user_id" : "64173349b3bb0a1a5742da3e",
    "group_id" : "64494c683c72337bf6aa09dc",
    "admin_id" : "63ea33721a51b49b7050e224",
    "createdAt" : ISODate("2023-04-26T16:09:06.723+0000"),
    "updatedAt" : ISODate("2023-04-26T16:09:06.723+0000"),
    "__v" : NumberInt(0)
}
{
    "_id" : ObjectId("64494d0c3c72337bf6aa0a08"),
    "count" : NumberInt(2),
    "user_id" : "63ea33721a51b49b7050e224",
    "group_id" : "64494c683c72337bf6aa09dc",
    "admin_id" : "64173349b3bb0a1a5742da3e",
    "createdAt" : ISODate("2023-04-26T16:10:52.514+0000"),
    "updatedAt" : ISODate("2023-04-26T16:11:26.885+0000"),
    "__v" : NumberInt(0)
}
{
    "_id" : ObjectId("64494d1b3c72337bf6aa0a0a"),
    "count" : NumberInt(3),
    "user_id" : "64173349b3bb0a1a5742da3e",
    "group_id" : "64494c843c72337bf6aa09e6",
    "admin_id" : "63ea33721a51b49b7050e224",
    "createdAt" : ISODate("2023-04-26T16:11:07.909+0000"),
    "updatedAt" : ISODate("2023-04-26T16:11:52.242+0000"),
    "__v" : NumberInt(0)
}
{
    "_id" : ObjectId("644a71d825ce3aed0d105d12"),
    "count" : NumberInt(1),
    "user_id" : "63ee5cadbb9057146c1ce9d6",
    "group_id" : "64494d973c72337bf6aa0a2a",
    "admin_id" : "63ee15a3c2ba46b5d9bbdc61",
    "createdAt" : ISODate("2023-04-27T13:00:08.644+0000"),
    "updatedAt" : ISODate("2023-04-27T13:00:08.644+0000"),
    "__v" : NumberInt(0)
}
{
    "_id" : ObjectId("644a71da25ce3aed0d105d13"),
    "count" : NumberInt(1),
    "user_id" : "64173349b3bb0a1a5742da3e",
    "group_id" : "64494c683c72337bf6aa09dc",
    "admin_id" : "63ee15a3c2ba46b5d9bbdc61",
    "createdAt" : ISODate("2023-04-27T13:00:10.731+0000"),
    "updatedAt" : ISODate("2023-04-27T13:00:10.731+0000"),
    "__v" : NumberInt(0)
}
{
    "_id" : ObjectId("644a71dc25ce3aed0d105d14"),
    "count" : NumberInt(1),
    "user_id" : "640b9fb7028cc1c7dab89392",
    "group_id" : "6436d338587e68f5695cee0a",
    "admin_id" : "63ee15a3c2ba46b5d9bbdc61",
    "createdAt" : ISODate("2023-04-27T13:00:12.941+0000"),
    "updatedAt" : ISODate("2023-04-27T13:00:12.941+0000"),
    "__v" : NumberInt(0)
}
{
    "_id" : ObjectId("644c09bb25ce3aed0d105d73"),
    "count" : NumberInt(3),
    "user_id" : "640b9fb7028cc1c7dab89392",
    "group_id" : "644c099e25ce3aed0d105d6d",
    "admin_id" : "63ea33721a51b49b7050e224",
    "createdAt" : ISODate("2023-04-28T18:00:27.689+0000"),
    "updatedAt" : ISODate("2023-04-28T18:00:47.510+0000"),
    "__v" : NumberInt(0)
}
{
    "_id" : ObjectId("645537b625ce3aed0d105dac"),
    "count" : NumberInt(1),
    "user_id" : "640b9fb7028cc1c7dab89392",
    "group_id" : "644c097025ce3aed0d105d61",
    "admin_id" : "64173349b3bb0a1a5742da3e",
    "createdAt" : ISODate("2023-05-05T17:07:02.581+0000"),
    "updatedAt" : ISODate("2023-05-05T17:07:02.581+0000"),
    "__v" : NumberInt(0)
}
{
    "_id" : ObjectId("645537fb25ce3aed0d105db6"),
    "count" : NumberInt(1),
    "user_id" : "63ea33721a51b49b7050e224",
    "group_id" : "644c099e25ce3aed0d105d6d",
    "admin_id" : "640b9fb7028cc1c7dab89392",
    "createdAt" : ISODate("2023-05-05T17:08:11.448+0000"),
    "updatedAt" : ISODate("2023-05-05T17:08:11.448+0000"),
    "__v" : NumberInt(0)
}
{
    "_id" : ObjectId("6455386025ce3aed0d105dc6"),
    "count" : NumberInt(3),
    "user_id" : "640b9fb7028cc1c7dab89392",
    "group_id" : "6455385525ce3aed0d105dc0",
    "admin_id" : "64173349b3bb0a1a5742da3e",
    "createdAt" : ISODate("2023-05-05T17:09:52.183+0000"),
    "updatedAt" : ISODate("2023-05-05T17:10:30.463+0000"),
    "__v" : NumberInt(0)
}
{
    "_id" : ObjectId("645538ed25ce3aed0d105df4"),
    "count" : NumberInt(2),
    "user_id" : "640b9fb7028cc1c7dab89392",
    "group_id" : "6455389f25ce3aed0d105dcd",
    "admin_id" : "64173349b3bb0a1a5742da3e",
    "createdAt" : ISODate("2023-05-05T17:12:13.214+0000"),
    "updatedAt" : ISODate("2023-05-05T17:12:59.572+0000"),
    "__v" : NumberInt(0)
}
{
    "_id" : ObjectId("647971ed25ce3aed0d105ea7"),
    "count" : NumberInt(1),
    "user_id" : "63ea33721a51b49b7050e224",
    "group_id" : "64494c843c72337bf6aa09e6",
    "admin_id" : "63ee15a3c2ba46b5d9bbdc61",
    "createdAt" : ISODate("2023-06-02T04:37:01.469+0000"),
    "updatedAt" : ISODate("2023-06-02T04:37:01.469+0000"),
    "__v" : NumberInt(0)
}
{
    "_id" : ObjectId("64798c37d722339be85d45bb"),
    "count" : NumberInt(1),
    "user_id" : "63e9e8661a51b49b7050e201",
    "group_id" : "64797dd21bd3d3996e8a6bd9",
    "admin_id" : "63ee15a3c2ba46b5d9bbdc61",
    "createdAt" : ISODate("2023-06-02T06:29:11.349+0000"),
    "updatedAt" : ISODate("2023-06-02T06:29:11.349+0000"),
    "__v" : NumberInt(0)
}
{
    "_id" : ObjectId("647a3395453f34e1930ba426"),
    "count" : NumberInt(3),
    "user_id" : "640b9fb7028cc1c7dab89392",
    "group_id" : "647a3381453f34e1930ba420",
    "admin_id" : "63ea33721a51b49b7050e224",
    "createdAt" : ISODate("2023-06-02T18:23:17.085+0000"),
    "updatedAt" : ISODate("2023-06-02T18:24:03.412+0000"),
    "__v" : NumberInt(0)
}
{
    "_id" : ObjectId("647a339e453f34e1930ba42f"),
    "count" : NumberInt(1),
    "user_id" : "640b9fb7028cc1c7dab89392",
    "group_id" : "6455389f25ce3aed0d105dcd",
    "admin_id" : "63ea33721a51b49b7050e224",
    "createdAt" : ISODate("2023-06-02T18:23:26.482+0000"),
    "updatedAt" : ISODate("2023-06-02T18:23:26.482+0000"),
    "__v" : NumberInt(0)
}
{
    "_id" : ObjectId("647a33a0453f34e1930ba431"),
    "count" : NumberInt(1),
    "user_id" : "640b9fb7028cc1c7dab89392",
    "group_id" : "644c098d25ce3aed0d105d67",
    "admin_id" : "63ea33721a51b49b7050e224",
    "createdAt" : ISODate("2023-06-02T18:23:28.270+0000"),
    "updatedAt" : ISODate("2023-06-02T18:23:28.270+0000"),
    "__v" : NumberInt(0)
}
{
    "_id" : ObjectId("647a33a1453f34e1930ba433"),
    "count" : NumberInt(1),
    "user_id" : "640b9fb7028cc1c7dab89392",
    "group_id" : "644c097025ce3aed0d105d61",
    "admin_id" : "63ea33721a51b49b7050e224",
    "createdAt" : ISODate("2023-06-02T18:23:29.838+0000"),
    "updatedAt" : ISODate("2023-06-02T18:23:29.838+0000"),
    "__v" : NumberInt(0)
}
{
    "_id" : ObjectId("647a33a3453f34e1930ba435"),
    "count" : NumberInt(1),
    "user_id" : "64173349b3bb0a1a5742da3e",
    "group_id" : "6455393b25ce3aed0d105df8",
    "admin_id" : "63ea33721a51b49b7050e224",
    "createdAt" : ISODate("2023-06-02T18:23:31.503+0000"),
    "updatedAt" : ISODate("2023-06-02T18:23:31.503+0000"),
    "__v" : NumberInt(0)
}
{
    "_id" : ObjectId("6480b9a2453f34e1930ba4de"),
    "count" : NumberInt(2),
    "user_id" : "64553b7525ce3aed0d105e74",
    "group_id" : "6480b974453f34e1930ba4c3",
    "admin_id" : "63ea33721a51b49b7050e224",
    "createdAt" : ISODate("2023-06-07T17:08:50.280+0000"),
    "updatedAt" : ISODate("2023-06-07T17:09:16.020+0000"),
    "__v" : NumberInt(0)
}
{
    "_id" : ObjectId("64816ec2e948a189e56c2f8c"),
    "count" : NumberInt(3),
    "user_id" : "63ea26d51a51b49b7050e206",
    "group_id" : "64816eb2e948a189e56c2f86",
    "admin_id" : "63ee5dabbb9057146c1ce9da",
    "createdAt" : ISODate("2023-06-08T06:01:38.967+0000"),
    "updatedAt" : ISODate("2023-06-08T06:02:16.549+0000"),
    "__v" : NumberInt(0)
}
{
    "_id" : ObjectId("64816ee4e948a189e56c2f92"),
    "count" : NumberInt(1),
    "user_id" : "640b9fb7028cc1c7dab89392",
    "group_id" : "644c097025ce3aed0d105d61",
    "admin_id" : "63ee5dabbb9057146c1ce9da",
    "createdAt" : ISODate("2023-06-08T06:02:12.223+0000"),
    "updatedAt" : ISODate("2023-06-08T06:02:12.223+0000"),
    "__v" : NumberInt(0)
}
{
    "_id" : ObjectId("6481c0f5cc6e5e8f90617a76"),
    "count" : NumberInt(1),
    "user_id" : "640b9fb7028cc1c7dab89392",
    "group_id" : "63ea27d01a51b49b7050e207",
    "admin_id" : "63ea26d51a51b49b7050e206",
    "createdAt" : ISODate("2023-06-08T11:52:21.619+0000"),
    "updatedAt" : ISODate("2023-06-08T11:52:21.619+0000"),
    "__v" : NumberInt(0)
}
{
    "_id" : ObjectId("6481d469cc6e5e8f90617ac8"),
    "count" : NumberInt(1),
    "user_id" : "63ea33721a51b49b7050e224",
    "group_id" : "6481d424cc6e5e8f90617abf",
    "admin_id" : "64553b7525ce3aed0d105e74",
    "createdAt" : ISODate("2023-06-08T13:15:21.132+0000"),
    "updatedAt" : ISODate("2023-06-08T13:15:21.132+0000"),
    "__v" : NumberInt(0)
}
{
    "_id" : ObjectId("6482ba81ff3ebba5f3370ce5"),
    "count" : NumberInt(1),
    "user_id" : "63ee5dabbb9057146c1ce9da",
    "group_id" : "6482b94fff3ebba5f3370cdf",
    "admin_id" : "63ea26d51a51b49b7050e206",
    "createdAt" : ISODate("2023-06-09T05:37:05.798+0000"),
    "updatedAt" : ISODate("2023-06-09T05:37:05.798+0000"),
    "__v" : NumberInt(0)
}
{
    "_id" : ObjectId("6482cbcb8cce33a7c9f39796"),
    "count" : NumberInt(1),
    "user_id" : "63ee15a3c2ba46b5d9bbdc61",
    "group_id" : "6482bc9803945ba6698dca9c",
    "admin_id" : "63ee5dabbb9057146c1ce9da",
    "createdAt" : ISODate("2023-06-09T06:50:51.470+0000"),
    "updatedAt" : ISODate("2023-06-09T06:50:51.470+0000"),
    "__v" : NumberInt(0)
}
{
    "_id" : ObjectId("6482f3553f67f6accc5c8bcf"),
    "count" : NumberInt(1),
    "user_id" : "63ee5dabbb9057146c1ce9da",
    "group_id" : "6482f3443f67f6accc5c8bc9",
    "admin_id" : "63ea26d51a51b49b7050e206",
    "createdAt" : ISODate("2023-06-09T09:39:33.425+0000"),
    "updatedAt" : ISODate("2023-06-09T09:39:33.425+0000"),
    "__v" : NumberInt(0)
}
{
    "_id" : ObjectId("6482f4f83f67f6accc5c8bdd"),
    "count" : NumberInt(1),
    "user_id" : "63ee5dabbb9057146c1ce9da",
    "group_id" : "6482f4dd3f67f6accc5c8bd5",
    "admin_id" : "63ea26d51a51b49b7050e206",
    "createdAt" : ISODate("2023-06-09T09:46:32.760+0000"),
    "updatedAt" : ISODate("2023-06-09T09:46:32.760+0000"),
    "__v" : NumberInt(0)
}
{
    "_id" : ObjectId("6482f780c51d3aad574c7c4b"),
    "count" : NumberInt(1),
    "user_id" : "63ee5dabbb9057146c1ce9da",
    "group_id" : "6482f765c51d3aad574c7c43",
    "admin_id" : "63ea26d51a51b49b7050e206",
    "createdAt" : ISODate("2023-06-09T09:57:20.371+0000"),
    "updatedAt" : ISODate("2023-06-09T09:57:20.371+0000"),
    "__v" : NumberInt(0)
}
{
    "_id" : ObjectId("6482fae4c51d3aad574c7c57"),
    "count" : NumberInt(1),
    "user_id" : "63ea26d51a51b49b7050e206",
    "group_id" : "6482bc9803945ba6698dca9c",
    "admin_id" : "63ee5dabbb9057146c1ce9da",
    "createdAt" : ISODate("2023-06-09T10:11:48.997+0000"),
    "updatedAt" : ISODate("2023-06-09T10:11:48.997+0000"),
    "__v" : NumberInt(0)
}
{
    "_id" : ObjectId("648317097110bbadcf5cf0bc"),
    "count" : NumberInt(1),
    "user_id" : "63ea26d51a51b49b7050e206",
    "group_id" : "648316be7110bbadcf5cf0b6",
    "admin_id" : "63ee5dabbb9057146c1ce9da",
    "createdAt" : ISODate("2023-06-09T12:11:53.940+0000"),
    "updatedAt" : ISODate("2023-06-09T12:11:53.940+0000"),
    "__v" : NumberInt(0)
}
{
    "_id" : ObjectId("648321a3459f72b0a147eca9"),
    "count" : NumberInt(1),
    "user_id" : "63ea26d51a51b49b7050e206",
    "group_id" : "64832097111720b024483b0a",
    "admin_id" : "63ee5dabbb9057146c1ce9da",
    "createdAt" : ISODate("2023-06-09T12:57:07.997+0000"),
    "updatedAt" : ISODate("2023-06-09T12:57:07.997+0000"),
    "__v" : NumberInt(0)
}
{
    "_id" : ObjectId("6486f56d9a9cac00df88f73f"),
    "count" : NumberInt(1),
    "user_id" : "63ea26d51a51b49b7050e206",
    "group_id" : "6486f5039a9cac00df88f735",
    "admin_id" : "63ee5dabbb9057146c1ce9da",
    "createdAt" : ISODate("2023-06-12T10:37:33.344+0000"),
    "updatedAt" : ISODate("2023-06-12T10:37:33.344+0000"),
    "__v" : NumberInt(0)
}
{
    "_id" : ObjectId("6488bbd91f6d92213b0ed8d4"),
    "count" : NumberInt(1),
    "user_id" : "63ea33721a51b49b7050e224",
    "group_id" : "6488bbce1f6d92213b0ed8ca",
    "admin_id" : "64553b7525ce3aed0d105e74",
    "createdAt" : ISODate("2023-06-13T18:56:25.939+0000"),
    "updatedAt" : ISODate("2023-06-13T18:56:25.939+0000"),
    "__v" : NumberInt(0)
}
{
    "_id" : ObjectId("6488bc221f6d92213b0ed8e9"),
    "count" : NumberInt(1),
    "user_id" : "63ea33721a51b49b7050e224",
    "group_id" : "6488badd1f6d92213b0ed7cf",
    "admin_id" : "64553b7525ce3aed0d105e74",
    "createdAt" : ISODate("2023-06-13T18:57:38.125+0000"),
    "updatedAt" : ISODate("2023-06-13T18:57:38.125+0000"),
    "__v" : NumberInt(0)
}
{
    "_id" : ObjectId("6488bc661f6d92213b0ed8f5"),
    "count" : NumberInt(3),
    "user_id" : "64553b7525ce3aed0d105e74",
    "group_id" : "6488bc581f6d92213b0ed8ef",
    "admin_id" : "63ea33721a51b49b7050e224",
    "createdAt" : ISODate("2023-06-13T18:58:46.670+0000"),
    "updatedAt" : ISODate("2023-06-13T18:59:04.174+0000"),
    "__v" : NumberInt(0)
}
{
    "_id" : ObjectId("6488bc961f6d92213b0ed902"),
    "count" : NumberInt(3),
    "user_id" : "63ea33721a51b49b7050e224",
    "group_id" : "6488bc581f6d92213b0ed8ef",
    "admin_id" : "64553b7525ce3aed0d105e74",
    "createdAt" : ISODate("2023-06-13T18:59:34.662+0000"),
    "updatedAt" : ISODate("2023-06-13T19:00:02.041+0000"),
    "__v" : NumberInt(0)
}
{
    "_id" : ObjectId("648953151f6d92213b0ed965"),
    "count" : NumberInt(1),
    "user_id" : "648951f41f6d92213b0ed90a",
    "group_id" : "648952a91f6d92213b0ed90b",
    "admin_id" : "648951dc1f6d92213b0ed909",
    "createdAt" : ISODate("2023-06-14T05:41:41.647+0000"),
    "updatedAt" : ISODate("2023-06-14T05:41:41.647+0000"),
    "__v" : NumberInt(0)
}
{
    "_id" : ObjectId("648959591f6d92213b0edfd2"),
    "count" : NumberInt(1),
    "user_id" : "648951dc1f6d92213b0ed909",
    "group_id" : "648955051f6d92213b0edbc8",
    "admin_id" : "648951f41f6d92213b0ed90a",
    "createdAt" : ISODate("2023-06-14T06:08:25.589+0000"),
    "updatedAt" : ISODate("2023-06-14T06:08:25.589+0000"),
    "__v" : NumberInt(0)
}
{
    "_id" : ObjectId("64895abc1f6d92213b0ee2f3"),
    "count" : NumberInt(1),
    "user_id" : "648951dc1f6d92213b0ed909",
    "group_id" : "64895a891f6d92213b0ee2cf",
    "admin_id" : "648951f41f6d92213b0ed90a",
    "createdAt" : ISODate("2023-06-14T06:14:20.591+0000"),
    "updatedAt" : ISODate("2023-06-14T06:14:20.591+0000"),
    "__v" : NumberInt(0)
}
{
    "_id" : ObjectId("64895dac1f6d92213b0ee7da"),
    "count" : NumberInt(2),
    "user_id" : "648951dc1f6d92213b0ed909",
    "group_id" : "64895d8d1f6d92213b0ee7d0",
    "admin_id" : "648951f41f6d92213b0ed90a",
    "createdAt" : ISODate("2023-06-14T06:26:52.827+0000"),
    "updatedAt" : ISODate("2023-06-14T06:27:12.816+0000"),
    "__v" : NumberInt(0)
}
{
    "_id" : ObjectId("648b9f9ae2afd63bd9ec676f"),
    "count" : NumberInt(3),
    "user_id" : "63ea33721a51b49b7050e224",
    "group_id" : "648b9f7fe2afd63bd9ec6769",
    "admin_id" : "648b8fc6e2afd63bd9ec6691",
    "createdAt" : ISODate("2023-06-15T23:32:42.928+0000"),
    "updatedAt" : ISODate("2023-06-15T23:33:20.921+0000"),
    "__v" : NumberInt(0)
}
{
    "_id" : ObjectId("648b9fdfe2afd63bd9ec678b"),
    "count" : NumberInt(3),
    "user_id" : "648b8fc6e2afd63bd9ec6691",
    "group_id" : "648b9f7fe2afd63bd9ec6769",
    "admin_id" : "63ea33721a51b49b7050e224",
    "createdAt" : ISODate("2023-06-15T23:33:51.282+0000"),
    "updatedAt" : ISODate("2023-06-15T23:35:37.563+0000"),
    "__v" : NumberInt(0)
}
{
    "_id" : ObjectId("648ba225e2afd63bd9ec68b3"),
    "count" : NumberInt(1),
    "user_id" : "648b8fc6e2afd63bd9ec6691",
    "group_id" : "648ba1e5e2afd63bd9ec688b",
    "admin_id" : "63ea33721a51b49b7050e224",
    "createdAt" : ISODate("2023-06-15T23:43:33.509+0000"),
    "updatedAt" : ISODate("2023-06-15T23:43:33.509+0000"),
    "__v" : NumberInt(0)
}
{
    "_id" : ObjectId("648ba257e2afd63bd9ec68bd"),
    "count" : NumberInt(3),
    "user_id" : "63ea33721a51b49b7050e224",
    "group_id" : "648ba247e2afd63bd9ec68b7",
    "admin_id" : "648b8fc6e2afd63bd9ec6691",
    "createdAt" : ISODate("2023-06-15T23:44:23.043+0000"),
    "updatedAt" : ISODate("2023-06-15T23:45:54.399+0000"),
    "__v" : NumberInt(0)
}
{
    "_id" : ObjectId("648ba2d4e2afd63bd9ec68c5"),
    "count" : NumberInt(2),
    "user_id" : "648b8fc6e2afd63bd9ec6691",
    "group_id" : "648ba1ebe2afd63bd9ec688f",
    "admin_id" : "63ea33721a51b49b7050e224",
    "createdAt" : ISODate("2023-06-15T23:46:28.165+0000"),
    "updatedAt" : ISODate("2023-06-15T23:46:43.651+0000"),
    "__v" : NumberInt(0)
}
{
    "_id" : ObjectId("6492a8802c05182a6e37805c"),
    "count" : NumberInt(3),
    "user_id" : "63ee15a3c2ba46b5d9bbdc61",
    "group_id" : "6492a8702c05182a6e378056",
    "admin_id" : "63e9e8661a51b49b7050e201",
    "createdAt" : ISODate("2023-06-21T07:36:32.411+0000"),
    "updatedAt" : ISODate("2023-06-21T07:44:54.489+0000"),
    "__v" : NumberInt(0)
}
{
    "_id" : ObjectId("6492ab4ff74dab2b6486e3dc"),
    "count" : NumberInt(3),
    "user_id" : "63ee15a3c2ba46b5d9bbdc61",
    "group_id" : "6492ab36f74dab2b6486e3d6",
    "admin_id" : "63e9e8661a51b49b7050e201",
    "createdAt" : ISODate("2023-06-21T07:48:31.610+0000"),
    "updatedAt" : ISODate("2023-06-21T07:49:29.424+0000"),
    "__v" : NumberInt(0)
}
{
    "_id" : ObjectId("64935332f74dab2b6486e3ea"),
    "count" : NumberInt(3),
    "user_id" : "63ea33721a51b49b7050e224",
    "group_id" : "649352f4f74dab2b6486e3e4",
    "admin_id" : "64930814f74dab2b6486e3e3",
    "createdAt" : ISODate("2023-06-21T19:44:50.723+0000"),
    "updatedAt" : ISODate("2023-06-21T19:48:56.848+0000"),
    "__v" : NumberInt(0)
}
{
    "_id" : ObjectId("649353bdf74dab2b6486e3f8"),
    "count" : NumberInt(2),
    "user_id" : "63ea33721a51b49b7050e224",
    "group_id" : "6493533cf74dab2b6486e3ec",
    "admin_id" : "64930814f74dab2b6486e3e3",
    "createdAt" : ISODate("2023-06-21T19:47:09.749+0000"),
    "updatedAt" : ISODate("2023-06-21T19:48:46.276+0000"),
    "__v" : NumberInt(0)
}
{
    "_id" : ObjectId("64935443f74dab2b6486e40c"),
    "count" : NumberInt(3),
    "user_id" : "64930814f74dab2b6486e3e3",
    "group_id" : "649352f4f74dab2b6486e3e4",
    "admin_id" : "63ea33721a51b49b7050e224",
    "createdAt" : ISODate("2023-06-21T19:49:23.413+0000"),
    "updatedAt" : ISODate("2023-06-21T19:50:02.421+0000"),
    "__v" : NumberInt(0)
}
{
    "_id" : ObjectId("6495daf395c07d44a914bac8"),
    "count" : NumberInt(1),
    "user_id" : "648b8fc6e2afd63bd9ec6691",
    "group_id" : "6495da6395c07d44a914baa7",
    "admin_id" : "64930814f74dab2b6486e3e3",
    "createdAt" : ISODate("2023-06-23T17:48:35.698+0000"),
    "updatedAt" : ISODate("2023-06-23T17:48:35.698+0000"),
    "__v" : NumberInt(0)
}
{
    "_id" : ObjectId("6495db3895c07d44a914bad0"),
    "count" : NumberInt(1),
    "user_id" : "648b8fc6e2afd63bd9ec6691",
    "group_id" : "6495da1c95c07d44a914b962",
    "admin_id" : "64930814f74dab2b6486e3e3",
    "createdAt" : ISODate("2023-06-23T17:49:44.779+0000"),
    "updatedAt" : ISODate("2023-06-23T17:49:44.779+0000"),
    "__v" : NumberInt(0)
}
{
    "_id" : ObjectId("6495db3b95c07d44a914bad2"),
    "count" : NumberInt(1),
    "user_id" : "64930814f74dab2b6486e3e3",
    "group_id" : "6495db2495c07d44a914baca",
    "admin_id" : "648b8fc6e2afd63bd9ec6691",
    "createdAt" : ISODate("2023-06-23T17:49:47.785+0000"),
    "updatedAt" : ISODate("2023-06-23T17:49:47.785+0000"),
    "__v" : NumberInt(0)
}
{
    "_id" : ObjectId("6495dba995c07d44a914bad4"),
    "count" : NumberInt(1),
    "user_id" : "648b8fc6e2afd63bd9ec6691",
    "group_id" : "6495da1c95c07d44a914b962",
    "admin_id" : "63ea33721a51b49b7050e224",
    "createdAt" : ISODate("2023-06-23T17:51:37.329+0000"),
    "updatedAt" : ISODate("2023-06-23T17:51:37.329+0000"),
    "__v" : NumberInt(0)
}
{
    "_id" : ObjectId("6495dbac95c07d44a914bad6"),
    "count" : NumberInt(1),
    "user_id" : "648b8fc6e2afd63bd9ec6691",
    "group_id" : "6495da6395c07d44a914baa7",
    "admin_id" : "63ea33721a51b49b7050e224",
    "createdAt" : ISODate("2023-06-23T17:51:40.085+0000"),
    "updatedAt" : ISODate("2023-06-23T17:51:40.085+0000"),
    "__v" : NumberInt(0)
}
{
    "_id" : ObjectId("6495dbec95c07d44a914badc"),
    "count" : NumberInt(3),
    "user_id" : "648b8fc6e2afd63bd9ec6691",
    "group_id" : "6495da9895c07d44a914bac5",
    "admin_id" : "64930814f74dab2b6486e3e3",
    "createdAt" : ISODate("2023-06-23T17:52:44.940+0000"),
    "updatedAt" : ISODate("2023-06-23T17:53:06.515+0000"),
    "__v" : NumberInt(0)
}
{
    "_id" : ObjectId("6495dc2395c07d44a914bae9"),
    "count" : NumberInt(3),
    "user_id" : "64930814f74dab2b6486e3e3",
    "group_id" : "6495da9895c07d44a914bac5",
    "admin_id" : "648b8fc6e2afd63bd9ec6691",
    "createdAt" : ISODate("2023-06-23T17:53:39.432+0000"),
    "updatedAt" : ISODate("2023-06-23T17:55:22.266+0000"),
    "__v" : NumberInt(0)
}
{
    "_id" : ObjectId("6495de4e95c07d44a914bb16"),
    "count" : NumberInt(1),
    "user_id" : "64553b7525ce3aed0d105e74",
    "group_id" : "6495de3e95c07d44a914bb10",
    "admin_id" : "64930814f74dab2b6486e3e3",
    "createdAt" : ISODate("2023-06-23T18:02:54.562+0000"),
    "updatedAt" : ISODate("2023-06-23T18:02:54.562+0000"),
    "__v" : NumberInt(0)
}
{
    "_id" : ObjectId("6495de5395c07d44a914bb19"),
    "count" : NumberInt(1),
    "user_id" : "648b8fc6e2afd63bd9ec6691",
    "group_id" : "6495db2495c07d44a914baca",
    "admin_id" : "64930814f74dab2b6486e3e3",
    "createdAt" : ISODate("2023-06-23T18:02:59.606+0000"),
    "updatedAt" : ISODate("2023-06-23T18:02:59.606+0000"),
    "__v" : NumberInt(0)
}
{
    "_id" : ObjectId("6495dff895c07d44a914bb37"),
    "count" : NumberInt(1),
    "user_id" : "64553b7525ce3aed0d105e74",
    "group_id" : "6488ba0e1f6d92213b0ed769",
    "admin_id" : "640b9fb7028cc1c7dab89392",
    "createdAt" : ISODate("2023-06-23T18:10:00.064+0000"),
    "updatedAt" : ISODate("2023-06-23T18:10:00.064+0000"),
    "__v" : NumberInt(0)
}
{
    "_id" : ObjectId("6495dffb95c07d44a914bb39"),
    "count" : NumberInt(1),
    "user_id" : "64553b7525ce3aed0d105e74",
    "group_id" : "6488ba7f1f6d92213b0ed7a9",
    "admin_id" : "640b9fb7028cc1c7dab89392",
    "createdAt" : ISODate("2023-06-23T18:10:03.064+0000"),
    "updatedAt" : ISODate("2023-06-23T18:10:03.064+0000"),
    "__v" : NumberInt(0)
}
{
    "_id" : ObjectId("6495dffe95c07d44a914bb3b"),
    "count" : NumberInt(1),
    "user_id" : "648b8fc6e2afd63bd9ec6691",
    "group_id" : "6495da6395c07d44a914baa7",
    "admin_id" : "640b9fb7028cc1c7dab89392",
    "createdAt" : ISODate("2023-06-23T18:10:06.720+0000"),
    "updatedAt" : ISODate("2023-06-23T18:10:06.720+0000"),
    "__v" : NumberInt(0)
}
{
    "_id" : ObjectId("6495e00095c07d44a914bb3d"),
    "count" : NumberInt(1),
    "user_id" : "648b8fc6e2afd63bd9ec6691",
    "group_id" : "648ba1e5e2afd63bd9ec688b",
    "admin_id" : "640b9fb7028cc1c7dab89392",
    "createdAt" : ISODate("2023-06-23T18:10:08.731+0000"),
    "updatedAt" : ISODate("2023-06-23T18:10:08.731+0000"),
    "__v" : NumberInt(0)
}
{
    "_id" : ObjectId("6495e00395c07d44a914bb3f"),
    "count" : NumberInt(1),
    "user_id" : "64553b7525ce3aed0d105e74",
    "group_id" : "6488ba461f6d92213b0ed786",
    "admin_id" : "640b9fb7028cc1c7dab89392",
    "createdAt" : ISODate("2023-06-23T18:10:11.846+0000"),
    "updatedAt" : ISODate("2023-06-23T18:10:11.846+0000"),
    "__v" : NumberInt(0)
}
{
    "_id" : ObjectId("6495e00695c07d44a914bb42"),
    "count" : NumberInt(1),
    "user_id" : "648b8fc6e2afd63bd9ec6691",
    "group_id" : "6495da1c95c07d44a914b962",
    "admin_id" : "640b9fb7028cc1c7dab89392",
    "createdAt" : ISODate("2023-06-23T18:10:14.749+0000"),
    "updatedAt" : ISODate("2023-06-23T18:10:14.749+0000"),
    "__v" : NumberInt(0)
}
{
    "_id" : ObjectId("6495e00b95c07d44a914bb49"),
    "count" : NumberInt(1),
    "user_id" : "648b8fc6e2afd63bd9ec6691",
    "group_id" : "648b9f7fe2afd63bd9ec6769",
    "admin_id" : "640b9fb7028cc1c7dab89392",
    "createdAt" : ISODate("2023-06-23T18:10:19.758+0000"),
    "updatedAt" : ISODate("2023-06-23T18:10:19.758+0000"),
    "__v" : NumberInt(0)
}
{
    "_id" : ObjectId("64df4f8390e78fd20b11d828"),
    "count" : NumberInt(1),
    "user_id" : "64d360b8b8fa802dfc668c29",
    "group_id" : "64d473c9f949da35bc83d8c4",
    "admin_id" : "6495744d95c07d44a914b8e1",
    "createdAt" : ISODate("2023-08-18T11:01:23.509+0000"),
    "updatedAt" : ISODate("2023-08-18T11:01:23.509+0000"),
    "__v" : NumberInt(0)
}
