{
    "_id" : ObjectId("60a63294da175e24b0972f64"),
    "title" : "Physical",
    "status" : "0",
    "createdAt" : ISODate("2021-05-18T12:34:18.263+0000"),
    "updatedAt" : ISODate("2021-05-20T08:14:20.338+0000"),
    "__v" : NumberInt(0)
}
{
    "_id" : ObjectId("60a632cada175e24b0972f65"),
    "title" : "Substance Abuse",
    "status" : "0",
    "createdAt" : ISODate("2021-05-18T12:34:18.263+0000"),
    "updatedAt" : ISODate("2021-05-20T08:14:20.338+0000"),
    "__v" : NumberInt(0)
}
{
    "_id" : ObjectId("60a3b44a642d1118c4d00e40"),
    "title" : "Mental",
    "status" : "0",
    "createdAt" : ISODate("2021-05-18T12:34:18.263+0000"),
    "updatedAt" : ISODate("2021-05-20T08:14:20.338+0000"),
    "__v" : NumberInt(0)
}
