{
    "_id" : ObjectId("635cfdfc04418579bb015309"),
    "user_id" : "6323a400effea15a94f9ff2d",
    "message_id" : "6324f2aacf7821fda0fcb566",
    "createdAt" : ISODate("2022-10-29T10:18:36.262+0000"),
    "updatedAt" : ISODate("2022-10-29T10:18:36.262+0000"),
    "__v" : NumberInt(0)
}
{
    "_id" : ObjectId("635cff9312b1a47a02db04e4"),
    "user_id" : "60d4113a21a64ecb685bebac",
    "message_id" : "6324f2aacf7821fda0fcb566",
    "createdAt" : ISODate("2022-10-29T10:25:23.143+0000"),
    "updatedAt" : ISODate("2022-10-29T10:25:23.143+0000"),
    "__v" : NumberInt(0)
}
{
    "_id" : ObjectId("635d02126706487a611e9587"),
    "user_id" : "60ec25f0481b560d024e2d6a",
    "message_id" : "6324f2aacf7821fda0fcb566",
    "createdAt" : ISODate("2022-10-29T10:36:02.543+0000"),
    "updatedAt" : ISODate("2022-10-29T10:36:02.543+0000"),
    "__v" : NumberInt(0)
}
{
    "_id" : ObjectId("635d19af6706487a611e9588"),
    "user_id" : "62b18fe2df04a706129b3056",
    "message_id" : "635831cd2874bb9d2cebb0c4",
    "createdAt" : ISODate("2022-10-29T12:16:47.614+0000"),
    "updatedAt" : ISODate("2022-10-29T12:16:47.614+0000"),
    "__v" : NumberInt(0)
}
{
    "_id" : ObjectId("636a82ee85efceacc46c1e27"),
    "user_id" : "6363ec0e85efceacc46c1e1d",
    "message_id" : "6362f05e85efceacc46c1e0f",
    "createdAt" : ISODate("2022-11-08T16:25:18.931+0000"),
    "updatedAt" : ISODate("2022-11-08T16:25:18.931+0000"),
    "__v" : NumberInt(0)
}
{
    "_id" : ObjectId("636c1d9285efceacc46c1e72"),
    "user_id" : "635f29b620a1277be3653cab",
    "message_id" : "635f37df20a1277be3653cdc",
    "createdAt" : ISODate("2022-11-09T21:37:22.539+0000"),
    "updatedAt" : ISODate("2022-11-09T21:37:22.539+0000"),
    "__v" : NumberInt(0)
}
{
    "_id" : ObjectId("636c1d9885efceacc46c1e73"),
    "user_id" : "635f29b620a1277be3653cab",
    "message_id" : "635f37cf20a1277be3653cdb",
    "createdAt" : ISODate("2022-11-09T21:37:28.770+0000"),
    "updatedAt" : ISODate("2022-11-09T21:37:28.770+0000"),
    "__v" : NumberInt(0)
}
{
    "_id" : ObjectId("636c1d9c85efceacc46c1e74"),
    "user_id" : "635f29b620a1277be3653cab",
    "message_id" : "635f37be20a1277be3653cda",
    "createdAt" : ISODate("2022-11-09T21:37:32.163+0000"),
    "updatedAt" : ISODate("2022-11-09T21:37:32.163+0000"),
    "__v" : NumberInt(0)
}
{
    "_id" : ObjectId("6372cc77043dac6a5e281506"),
    "user_id" : "6323a400effea15a94f9ff2d",
    "message_id" : "6361182cd86bb39d32a7d5a8",
    "createdAt" : ISODate("2022-11-14T23:17:11.806+0000"),
    "updatedAt" : ISODate("2022-11-14T23:17:11.806+0000"),
    "__v" : NumberInt(0)
}
{
    "_id" : ObjectId("648ba6ece2afd63bd9ec68fb"),
    "user_id" : "648b8fc6e2afd63bd9ec6691",
    "message_id" : "648ba6dae2afd63bd9ec68f9",
    "createdAt" : ISODate("2023-06-16T00:03:56.178+0000"),
    "updatedAt" : ISODate("2023-06-16T00:03:56.178+0000"),
    "__v" : NumberInt(0)
}
{
    "_id" : ObjectId("64935597f74dab2b6486e42f"),
    "user_id" : "64930814f74dab2b6486e3e3",
    "message_id" : "6493557af74dab2b6486e42a",
    "createdAt" : ISODate("2023-06-21T19:55:03.708+0000"),
    "updatedAt" : ISODate("2023-06-21T19:55:03.708+0000"),
    "__v" : NumberInt(0)
}
{
    "_id" : ObjectId("6493c078f74dab2b6486e78e"),
    "user_id" : "648b8fc6e2afd63bd9ec6691",
    "message_id" : "6493557af74dab2b6486e42a",
    "createdAt" : ISODate("2023-06-22T03:31:04.053+0000"),
    "updatedAt" : ISODate("2023-06-22T03:31:04.053+0000"),
    "__v" : NumberInt(0)
}
{
    "_id" : ObjectId("6495dd5695c07d44a914bb0c"),
    "user_id" : "64930814f74dab2b6486e3e3",
    "message_id" : "6495dd5095c07d44a914bb0a",
    "createdAt" : ISODate("2023-06-23T17:58:46.436+0000"),
    "updatedAt" : ISODate("2023-06-23T17:58:46.436+0000"),
    "__v" : NumberInt(0)
}
{
    "_id" : ObjectId("6495dd5c95c07d44a914bb0e"),
    "user_id" : "64930814f74dab2b6486e3e3",
    "message_id" : "6495dd5995c07d44a914bb0d",
    "createdAt" : ISODate("2023-06-23T17:58:52.443+0000"),
    "updatedAt" : ISODate("2023-06-23T17:58:52.443+0000"),
    "__v" : NumberInt(0)
}
{
    "_id" : ObjectId("6495dd6495c07d44a914bb0f"),
    "user_id" : "64930814f74dab2b6486e3e3",
    "message_id" : "6495dd5495c07d44a914bb0b",
    "createdAt" : ISODate("2023-06-23T17:59:00.864+0000"),
    "updatedAt" : ISODate("2023-06-23T17:59:00.864+0000"),
    "__v" : NumberInt(0)
}
