{
    "_id" : ObjectId("63e9e8661a51b49b7050e201"),
    "interests" : [
        "walking",
        "travelling"
    ],
    "isTimerStarted" : NumberInt(1),
    "is_profanity_count" : NumberInt(1),
    "is_report_count" : NumberInt(0),
    "isOnline" : NumberInt(0),
    "is_notification" : NumberInt(1),
    "block_date" : NumberInt(0),
    "block_report_date" : NumberInt(0),
    "password" : "$2b$10$fquMqD9rxpT8UoASVYbXHeDhp9NQ1WpcDa/NetnYK52.T75bhezxa",
    "email" : "test12@yopmail.com",
    "device_token" : "802292c0e6687ad8ec9446015d44f5ca26188f99ef1853626b23a40bb021e04734c435fb9a6f630904d8b14a8765946b2a097803a4b29ebf006482264e5ec2d0537347c174f4e1a3430767cae2305bf8",
    "device_type" : "Ios",
    "ac_status" : "0",
    "membership" : "0",
    "token" : "eyJhbGciOiJIUzI1NiIsInR5cCI6IkpXVCJ9.eyJfaWQiOiI2M2VhMjZkNTFhNTFiNDliNzA1MGUyMDYiLCJpYXQiOjE2ODk4MzUzNDN9.odLCZRS2EMNbzECdTGmiKXgHNFlJQwYFtWjX6w2KmUk",
    "createdAt" : ISODate("2023-02-13T07:36:06.678+0000"),
    "updatedAt" : ISODate("2023-08-09T12:09:53.165+0000"),
    "__v" : NumberInt(0),
    "fname" : "Test22",
    "image" : "images/user/image-1686215747308.jpg",
    "lname" : "New",
    "phone" : 4561231230.0,
    "college" : "ABC Beauty College Inc",
    "grade" : "Graduate Student",
    "username" : "usertest1"
}
{
    "_id" : ObjectId("63ea26d51a51b49b7050e206"),
    "interests" : [
        "Film",
        "Art",
        "Sports",
        "Writing",
        "Yoga",
        "Cooking",
        "Reading",
        "Photo",
        "Travel",
        "Music",
        "Dance",
        "Games"
    ],
    "isTimerStarted" : NumberInt(1),
    "is_profanity_count" : NumberInt(1),
    "is_report_count" : NumberInt(0),
    "isOnline" : NumberInt(0),
    "is_notification" : NumberInt(1),
    "block_date" : NumberInt(0),
    "block_report_date" : NumberInt(0),
    "social_id" : 5954005974682868.0,
    "password" : "$2b$10$E6qd0d3zYoSFfHQrxvb44OctlCrW8pfIrFxd0keqvGoeGDYDXp7Xq",
    "social_token" : "0",
    "device_token" : null,
    "device_type" : "Android",
    "email" : "ab@yopmail.com",
    "createdAt" : ISODate("2023-02-13T12:02:29.289+0000"),
    "updatedAt" : ISODate("2023-08-09T12:09:53.165+0000"),
    "__v" : NumberInt(0),
    "token" : "eyJhbGciOiJIUzI1NiIsInR5cCI6IkpXVCJ9.eyJfaWQiOiI2M2VhMjZkNTFhNTFiNDliNzA1MGUyMDYiLCJpYXQiOjE2ODk4MzUzNDN9.odLCZRS2EMNbzECdTGmiKXgHNFlJQwYFtWjX6w2KmUk",
    "fname" : "AldenTest",
    "lname" : "Olvina",
    "phone" : 12345678911.0,
    "college" : "A T Still University of Health Sciences",
    "grade" : "Graduate Student",
    "image" : "images/user/image-1686203710735.jpg",
    "username" : "usertest2"
}
{
    "_id" : ObjectId("63ea27f51a51b49b7050e20a"),
    "interests" : [
        "Games",
        "Music",
        "Travel",
        "Dance",
        "Photo",
        "Yoga"
    ],
    "isTimerStarted" : NumberInt(1),
    "is_profanity_count" : NumberInt(0),
    "is_report_count" : NumberInt(0),
    "isOnline" : NumberInt(1),
    "is_notification" : NumberInt(1),
    "block_date" : NumberInt(0),
    "block_report_date" : NumberInt(0),
    "social_id" : 108837190072519790000.0,
    "password" : "$2b$10$jUBwRNJGg.BPxsfaykq2x.kf5eFblgvqAvD4X5zFA9Tv8A4B8P3OS",
    "social_token" : "1",
    "device_token" : "f686bbd625e94d22f99bb39b0b6a821126298eb2563da93ff5c2ecddf3743688",
    "device_type" : "Ios",
    "email" : "ab@yopmail.com",
    "createdAt" : ISODate("2023-02-13T12:07:17.768+0000"),
    "updatedAt" : ISODate("2023-08-09T12:09:53.165+0000"),
    "__v" : NumberInt(0),
    "token" : "eyJhbGciOiJIUzI1NiIsInR5cCI6IkpXVCJ9.eyJfaWQiOiI2M2VhMjdmNTFhNTFiNDliNzA1MGUyMGEiLCJpYXQiOjE2NzYyOTMwODh9.3T_aGL7JjKfsACgIE51hty-M7jwtdr1zM5ngv4wrEUE",
    "fname" : "Jarre",
    "lname" : "Olvina",
    "phone" : 12345678911.0,
    "college" : "Casper College",
    "grade" : "Graduate Student",
    "image" : "",
    "username" : "usertest3"
}
{
    "_id" : ObjectId("63ea33721a51b49b7050e224"),
    "interests" : [
        "Film",
        "Games",
        "Cooking",
        "Sports",
        "Yoga"
    ],
    "isTimerStarted" : NumberInt(1),
    "is_profanity_count" : NumberInt(1),
    "is_report_count" : NumberInt(2),
    "isOnline" : NumberInt(0),
    "is_notification" : NumberInt(1),
    "block_date" : NumberInt(0),
    "block_report_date" : NumberInt(0),
    "social_id" : 1381747515900299.0,
    "password" : "$2b$10$l6ER3jNhcSNft/Hj08Wize02r6E626RKdCcrFPkQqGRymQaYfJh1.",
    "social_token" : "0",
    "device_token" : "14f80b2ba9b502f80a76826a5b551c1770619f6df996e0e6fd6ffeb2b4858511",
    "device_type" : "Ios",
    "email" : "ab@yopmail.com",
    "createdAt" : ISODate("2023-02-13T12:56:18.557+0000"),
    "updatedAt" : ISODate("2023-08-09T12:09:53.165+0000"),
    "__v" : NumberInt(0),
    "token" : "eyJhbGciOiJIUzI1NiIsInR5cCI6IkpXVCJ9.eyJfaWQiOiI2M2VhMzM3MjFhNTFiNDliNzA1MGUyMjQiLCJpYXQiOjE2ODc5NjEwNTZ9.MCBzArWj-xMOEv3ynU0S19T8K9itX_OkRA8pMRyA150",
    "fname" : "Davon",
    "lname" : "Harris",
    "phone" : 6463420019.0,
    "college" : "Brooklyn Law School",
    "grade" : "Graduate Student",
    "image" : "images/user/image-1680982499797.jpg",
    "username" : "usertest4"
}
{
    "_id" : ObjectId("63ee15a3c2ba46b5d9bbdc61"),
    "interests" : [
        "Photo",
        "Music",
        "Writing",
        "Art"
    ],
    "isTimerStarted" : NumberInt(1),
    "is_profanity_count" : NumberInt(0),
    "is_report_count" : NumberInt(0),
    "isOnline" : NumberInt(0),
    "is_notification" : NumberInt(1),
    "block_date" : NumberInt(0),
    "block_report_date" : NumberInt(0),
    "email" : "john@yopmail.com",
    "device_token" : "95cbabac90cb0090f12d681b947c201f2c7ded0c67473594b18cb5cefed22d91",
    "password" : "$2b$10$vMZJ7MAtHnO2OAee/hALMell/6LrE0Rejyo99sC/1pgJ497CZW5Ga",
    "device_type" : "Ios",
    "ac_status" : "0",
    "membership" : "0",
    "token" : "eyJhbGciOiJIUzI1NiIsInR5cCI6IkpXVCJ9.eyJfaWQiOiI2M2VlMTVhM2MyYmE0NmI1ZDliYmRjNjEiLCJpYXQiOjE2ODc5NjA4OTZ9._7Cw9eG5ClsMnoj1bTD2NTAmHFVPYHqLAu_VSH54A70",
    "createdAt" : ISODate("2023-02-16T11:38:11.647+0000"),
    "updatedAt" : ISODate("2023-08-09T12:09:53.165+0000"),
    "__v" : NumberInt(0),
    "fname" : "john",
    "image" : "images/user/image-1686203549234.jpg",
    "lname" : "wick",
    "phone" : 8585858589.0,
    "college" : "A T Still University of Health Sciences",
    "grade" : "Graduate Student",
    "username" : "usertest5"
}
{
    "_id" : ObjectId("63ee5dabbb9057146c1ce9da"),
    "interests" : [
        "Games",
        "Music"
    ],
    "isTimerStarted" : NumberInt(1),
    "is_profanity_count" : NumberInt(0),
    "is_report_count" : NumberInt(0),
    "isOnline" : NumberInt(0),
    "is_notification" : NumberInt(1),
    "block_date" : NumberInt(0),
    "block_report_date" : NumberInt(0),
    "device_type" : "Ios",
    "email" : "olvinajarre1@gmail.com",
    "password" : "$2b$10$SRueemwZkP2WL5dPhEDGbORUiccxeM95N/iwMxLs2XmTHyt5.pWg.",
    "device_token" : "81593082c16c9acdc463b87cf4698986a3664780c9b79e679a4e232e4224fb48",
    "ac_status" : "0",
    "membership" : "0",
    "token" : null,
    "createdAt" : ISODate("2023-02-16T16:45:31.874+0000"),
    "updatedAt" : ISODate("2023-08-09T12:09:53.165+0000"),
    "__v" : NumberInt(0),
    "fname" : "test2",
    "lname" : "test2",
    "phone" : NumberInt(1234567899),
    "college" : "A T Still University of Health Sciences",
    "grade" : "Graduate Student",
    "image" : "images/user/image-1679058601927.jpg",
    "username" : "usertest5"
}
{
    "_id" : ObjectId("640b9fb7028cc1c7dab89392"),
    "interests" : [
        "Art",
        "Photo",
        "Cooking",
        "Travel",
        "Dance",
        "Music"
    ],
    "isTimerStarted" : NumberInt(1),
    "is_profanity_count" : NumberInt(0),
    "is_report_count" : NumberInt(0),
    "isOnline" : NumberInt(0),
    "is_notification" : NumberInt(1),
    "block_date" : NumberInt(0),
    "block_report_date" : NumberInt(0),
    "email" : "jess.sophia@gmail.com",
    "device_token" : "21e630175474ea94f101a6a12592aafad0a662a80b9b357e750eda3d5b8bc390",
    "password" : "$2b$10$ukh1zq.3HuWakDN9DRbPIexJM5Venv6exfkEMsoqe.qrzpMZLTOFa",
    "device_type" : "Ios",
    "ac_status" : "0",
    "membership" : "0",
    "token" : "eyJhbGciOiJIUzI1NiIsInR5cCI6IkpXVCJ9.eyJfaWQiOiI2NDBiOWZiNzAyOGNjMWM3ZGFiODkzOTIiLCJpYXQiOjE2ODc1NDM3ODV9.ivAFYWIJyfzVngegU1C5eeFCH93iGsSMVpfzxGcnWJ4",
    "createdAt" : ISODate("2023-03-10T21:23:03.507+0000"),
    "updatedAt" : ISODate("2023-08-09T12:09:53.165+0000"),
    "__v" : NumberInt(0),
    "fname" : "Jessica",
    "image" : "",
    "lname" : "Wong",
    "phone" : 9172258193.0,
    "college" : "New York University",
    "grade" : "Graduate Student",
    "username" : "usertest6"
}
{
    "_id" : ObjectId("64173349b3bb0a1a5742da3e"),
    "interests" : [
        "Sports",
        "Music",
        "Cooking",
        "Art"
    ],
    "isTimerStarted" : NumberInt(1),
    "is_profanity_count" : NumberInt(0),
    "is_report_count" : NumberInt(0),
    "isOnline" : NumberInt(0),
    "is_notification" : NumberInt(1),
    "block_date" : NumberInt(0),
    "block_report_date" : NumberInt(0),
    "password" : "$2b$10$dEwSBLLj8.o5qcpY7QXB7u/z2A.RgpUiVMhrtA3b08S3MyyDfLCBa",
    "email" : "xsc@happiroom.com",
    "device_type" : "Ios",
    "device_token" : "de2c0b50e3bae9aeeab95518f7310781a122959d4400b2532a79ea936372c827",
    "ac_status" : "0",
    "membership" : "0",
    "token" : "eyJhbGciOiJIUzI1NiIsInR5cCI6IkpXVCJ9.eyJfaWQiOiI2NDE3MzM0OWIzYmIwYTFhNTc0MmRhM2UiLCJpYXQiOjE2ODI1MjU4ODZ9.oA4PoW-B4yYfLmRuaJ0T1d-yZv6aAuPjBioFpfMI3Fk",
    "createdAt" : ISODate("2023-03-19T16:07:37.380+0000"),
    "updatedAt" : ISODate("2023-08-09T12:09:53.165+0000"),
    "__v" : NumberInt(0),
    "fname" : "xsc",
    "lname" : "C",
    "phone" : 6467061567.0,
    "college" : "New York University",
    "grade" : "Sophomore",
    "username" : "usertest7"
}
{
    "_id" : ObjectId("6419563bb3bb0a1a5742dad1"),
    "interests" : [
        "Dance",
        "Travel",
        "Reading",
        "Yoga"
    ],
    "isTimerStarted" : NumberInt(1),
    "is_profanity_count" : NumberInt(0),
    "is_report_count" : NumberInt(0),
    "isOnline" : NumberInt(0),
    "is_notification" : NumberInt(1),
    "block_date" : NumberInt(0),
    "block_report_date" : NumberInt(0),
    "device_token" : "2707353024fe24fca696e36e31ccc2106adc2dda7bb85bc61ceefd78ce2ebbf5",
    "device_type" : "Ios",
    "password" : "$2b$10$vMZJ7MAtHnO2OAee/hALMell/6LrE0Rejyo99sC/1pgJ497CZW5Ga",
    "email" : "shefali@gmail.com",
    "ac_status" : "0",
    "membership" : "0",
    "token" : "eyJhbGciOiJIUzI1NiIsInR5cCI6IkpXVCJ9.eyJfaWQiOiI2NDE5NTYzYmIzYmIwYTFhNTc0MmRhZDEiLCJpYXQiOjE2NzkzOTYxMjh9.yWlsFlaqw15ToSS9BHBHRPE75fwPFmFRLHs6K_J43NA",
    "createdAt" : ISODate("2023-03-21T07:01:15.011+0000"),
    "updatedAt" : ISODate("2023-08-09T12:09:53.165+0000"),
    "__v" : NumberInt(0),
    "fname" : "shefali",
    "lname" : "test ",
    "phone" : 757575757575.0,
    "college" : "Bates Technical College",
    "grade" : "Junior",
    "username" : "usertest8"
}
{
    "_id" : ObjectId("641dbacdfca0fc91b946ab3b"),
    "interests" : [
        "Dance"
    ],
    "isTimerStarted" : NumberInt(1),
    "is_profanity_count" : NumberInt(0),
    "is_report_count" : NumberInt(0),
    "isOnline" : NumberInt(1),
    "is_notification" : NumberInt(1),
    "block_date" : NumberInt(0),
    "block_report_date" : NumberInt(0),
    "password" : "$2b$10$WjHTvNiynfl.mCK08Kx0YOFV2myv9Q75SPrg553/OHd3wzY.0LeuC",
    "device_token" : "3593ffc5431d94169a8ba2d3d6e3d1904b0161bf646b12f517d4a1280f43e2e1",
    "device_type" : "Ios",
    "email" : "olvinajarre3@gmail.com",
    "ac_status" : "0",
    "membership" : "0",
    "token" : null,
    "createdAt" : ISODate("2023-03-24T14:59:25.234+0000"),
    "updatedAt" : ISODate("2023-08-09T12:09:53.165+0000"),
    "__v" : NumberInt(0),
    "fname" : "test3",
    "lname" : "test3",
    "phone" : 12345678955.0,
    "college" : "A T Still University of Health Sciences",
    "grade" : "Graduate Student",
    "username" : "usertest9"
}
{
    "_id" : ObjectId("642d19c13d9b558af7320d48"),
    "interests" : [
        "Film",
        "Sports",
        "Yoga"
    ],
    "isTimerStarted" : NumberInt(1),
    "is_profanity_count" : NumberInt(0),
    "is_report_count" : NumberInt(0),
    "isOnline" : NumberInt(0),
    "is_notification" : NumberInt(1),
    "block_date" : NumberInt(0),
    "block_report_date" : NumberInt(0),
    "social_id" : 101617467270222870000.0,
    "password" : "$2b$10$HqBf/7gh0HtEErLbod8wIeTfFk/qaz5.6Q0HghpDPKhKwQkhS6OYq",
    "social_token" : "1",
    "device_token" : "650102fcc43d07ce895453732d06fca2a102035a63060ae80da21b66068e6844",
    "device_type" : "Ios",
    "email" : "ab@yopmail.com",
    "createdAt" : ISODate("2023-04-05T06:48:33.153+0000"),
    "updatedAt" : ISODate("2023-08-09T12:09:53.165+0000"),
    "__v" : NumberInt(0),
    "token" : null,
    "fname" : "test ",
    "lname" : "app",
    "phone" : 5846325863.0,
    "college" : "ABC Beauty College Inc",
    "grade" : "Junior",
    "username" : "usertest10"
}
{
    "_id" : ObjectId("64553b7525ce3aed0d105e74"),
    "interests" : [
        "Yoga",
        "Travel",
        "Photo"
    ],
    "isTimerStarted" : NumberInt(1),
    "is_profanity_count" : NumberInt(0),
    "is_report_count" : NumberInt(0),
    "isOnline" : NumberInt(0),
    "is_notification" : NumberInt(0),
    "block_date" : NumberInt(0),
    "block_report_date" : NumberInt(0),
    "device_type" : "Ios",
    "device_token" : "cb604808c9d2697eb83d28ffee8b56d3693e9d3de332c5f7048da57f2e21dba0",
    "password" : "$2b$10$HoXJWL4vIaMejLpmx5z9aeukKD30Nawj70Jm/7EWbVw.h/3qGN0dG",
    "email" : "xsc200@gmail.com",
    "ac_status" : "0",
    "membership" : "0",
    "token" : "eyJhbGciOiJIUzI1NiIsInR5cCI6IkpXVCJ9.eyJfaWQiOiI2NDU1M2I3NTI1Y2UzYWVkMGQxMDVlNzQiLCJpYXQiOjE2ODc5NjA5NzJ9.70hxBmtuD8m-yZKgqcGd4cy0lcfm15C1hA3ukLarBQs",
    "createdAt" : ISODate("2023-05-05T17:23:01.758+0000"),
    "updatedAt" : ISODate("2023-08-09T12:09:53.165+0000"),
    "__v" : NumberInt(0),
    "fname" : "Xue",
    "lname" : "Cheung",
    "phone" : 6467061567.0,
    "college" : "Albany Law School",
    "grade" : "Graduate Student",
    "username" : "usertest10"
}
{
    "_id" : ObjectId("6479af49ac3084ddd0784bf6"),
    "interests" : [
        "Yoga",
        "Music",
        "Writing"
    ],
    "isTimerStarted" : NumberInt(1),
    "is_profanity_count" : NumberInt(0),
    "is_report_count" : NumberInt(0),
    "isOnline" : NumberInt(0),
    "is_notification" : NumberInt(1),
    "block_date" : NumberInt(0),
    "block_report_date" : NumberInt(0),
    "email" : "richard@yopmail.com",
    "device_token" : "805f7c577bb4510df783a6032267c3a76650c925aa28254b2f9221931a69d5807edda1c6c4da18812b0899ce1657fce6ae83d67a30a7916f3ce815b6edad61e22e156cc90bbfa2b1db2dfa80075b0fec",
    "device_type" : "Ios",
    "password" : "$2b$10$7M6v6FeaZu0ElyFNAUVj3.uyVUCxO2C4xcXWc85gv9BcYXZBqkPc.",
    "ac_status" : "0",
    "membership" : "0",
    "token" : "eyJhbGciOiJIUzI1NiIsInR5cCI6IkpXVCJ9.eyJfaWQiOiI2NDc5YWY0OWFjMzA4NGRkZDA3ODRiZjYiLCJpYXQiOjE2ODU2OTYzMjl9.Lw3dlBu5vLhPwX7D3bCdrdrkccCQ28BLFP9vb0aCrI4",
    "createdAt" : ISODate("2023-06-02T08:58:49.460+0000"),
    "updatedAt" : ISODate("2023-08-24T12:46:25.852+0000"),
    "__v" : NumberInt(0),
    "fname" : "Richard",
    "image" : "images/user/image-1692881185577.png",
    "lname" : "K",
    "phone" : 8918818811.0,
    "college" : "Academy of Hair Design-Pearl",
    "grade" : "Sophomore",
    "username" : "usertest11"
}
{
    "_id" : ObjectId("6481e51fcc6e5e8f90617afd"),
    "interests" : [
        "Film",
        "Writing",
        "Cooking"
    ],
    "isTimerStarted" : NumberInt(1),
    "is_profanity_count" : NumberInt(0),
    "is_report_count" : NumberInt(0),
    "isOnline" : NumberInt(0),
    "is_notification" : NumberInt(1),
    "block_date" : NumberInt(0),
    "block_report_date" : NumberInt(0),
    "device_type" : "Ios",
    "email" : "meeting@yopmail.com",
    "password" : "$2b$10$voD9jXkHLsji9x.vsKZ7ruq.ifXq2o/q/lfaEvCFqdRvhrH93GpzS",
    "device_token" : "8047c9bdebdbd40454fb0668eccda632a3bbbee6844d9c9505844c5613814b5eea8a2ffd649a73229964a7c0bfbb29d319bc89698cd782f5149d9619f45f71ecd8b0aff03c8c1a79cf120ac7a064f7a1",
    "ac_status" : "0",
    "membership" : "0",
    "token" : "eyJhbGciOiJIUzI1NiIsInR5cCI6IkpXVCJ9.eyJfaWQiOiI2NDgxZTUxZmNjNmU1ZThmOTA2MTdhZmQiLCJpYXQiOjE2ODc4NzM0NzJ9.hBACNfXtWDC7SlJJrwvzrBzCvS17yHf20oSQn9fqK1c",
    "createdAt" : ISODate("2023-06-08T14:26:39.797+0000"),
    "updatedAt" : ISODate("2023-08-09T12:09:53.165+0000"),
    "__v" : NumberInt(0),
    "fname" : "Meeting",
    "image" : "images/user/image-1686234417301.jpg",
    "lname" : "First",
    "phone" : 9090909090.0,
    "college" : "Aviation Institute of Maintenance-Philadelphia",
    "grade" : "Senior",
    "username" : "usertest12"
}
{
    "_id" : ObjectId("6481efd2cc6e5e8f90617b06"),
    "interests" : [
        "Sports",
        "Travel",
        "Reading"
    ],
    "isTimerStarted" : NumberInt(1),
    "is_profanity_count" : NumberInt(0),
    "is_report_count" : NumberInt(0),
    "isOnline" : NumberInt(1),
    "is_notification" : NumberInt(1),
    "block_date" : NumberInt(0),
    "block_report_date" : NumberInt(0),
    "email" : "jack@finallyfreeproductions.com",
    "password" : "$2b$10$.0GQYHW8/vMUtMbjeQtH8O54So5TTOE5WyS4KRcY1UzrLRs83T0Wm",
    "device_type" : "Ios",
    "device_token" : "36d5c40c4cbab7fae258175808380dce7630b7d3a30d38adb34e7137e105b661",
    "ac_status" : "0",
    "membership" : "0",
    "token" : "eyJhbGciOiJIUzI1NiIsInR5cCI6IkpXVCJ9.eyJfaWQiOiI2NDgxZWZkMmNjNmU1ZThmOTA2MTdiMDYiLCJpYXQiOjE2ODc5NjA4MjR9.y_wcdcV-z1LEeOF6QFWPBTTa5KN3k0vScbIgAY4vqU4",
    "createdAt" : ISODate("2023-06-08T15:12:18.198+0000"),
    "updatedAt" : ISODate("2023-08-09T12:09:53.165+0000"),
    "__v" : NumberInt(0),
    "fname" : "jack",
    "lname" : "Spataro",
    "phone" : 5167496887.0,
    "college" : "Alabama State College of Barber Styling",
    "grade" : "Senior",
    "username" : "usertest13"
}
{
    "_id" : ObjectId("648951f41f6d92213b0ed90a"),
    "interests" : [
        "Film",
        "Art",
        "Sports",
        "Writing"
    ],
    "isTimerStarted" : NumberInt(1),
    "is_profanity_count" : NumberInt(0),
    "is_report_count" : NumberInt(0),
    "isOnline" : NumberInt(1),
    "is_notification" : NumberInt(1),
    "block_date" : NumberInt(0),
    "block_report_date" : NumberInt(0),
    "password" : "$2b$10$U8s00S0Ace9h8o/xYcpHxOjRTUL7iWMoG1WDoBqYWTRMbGAtrARS2",
    "device_token" : "81593082c16c9acdc463b87cf4698986a3664780c9b79e679a4e232e4224fb48",
    "email" : "chandan008@yopmail.com",
    "device_type" : "Ios",
    "ac_status" : "0",
    "membership" : "0",
    "token" : "eyJhbGciOiJIUzI1NiIsInR5cCI6IkpXVCJ9.eyJfaWQiOiI2NDg5NTFmNDFmNmQ5MjIxM2IwZWQ5MGEiLCJpYXQiOjE2ODY3MjEwMTJ9.nWIATultADK0BuOK-2GXbuX-7IikAtInGCvLfmaLdOA",
    "createdAt" : ISODate("2023-06-14T05:36:52.692+0000"),
    "updatedAt" : ISODate("2023-08-09T12:09:53.165+0000"),
    "__v" : NumberInt(0),
    "fname" : "chandan008",
    "lname" : "008",
    "phone" : 8974521395.0,
    "college" : "Academy College",
    "grade" : "Freshman",
    "username" : "usertest13"
}
{
    "_id" : ObjectId("648b8fc6e2afd63bd9ec6691"),
    "interests" : [
        "Travel",
        "Reading",
        "Art",
        "Writing",
        "Photo",
        "Music",
        "Games",
        "Cooking"
    ],
    "isTimerStarted" : NumberInt(1),
    "is_profanity_count" : NumberInt(0),
    "is_report_count" : NumberInt(3),
    "isOnline" : NumberInt(0),
    "is_notification" : NumberInt(1),
    "block_date" : NumberInt(0),
    "block_report_date" : NumberInt(1688407140),
    "device_type" : "Ios",
    "password" : "$2b$10$PEYgx7t9AhIJ5P72rVEhRebD5iUphyGwCFQQjKoazejIk/ffRZpqG",
    "device_token" : "a8bd7800ae0c9b29cca3db3fa4f1053d551a42792b0bb019cc4c82da1e789476",
    "email" : "xsc.spam@gmail.com",
    "ac_status" : "1",
    "membership" : "0",
    "token" : null,
    "createdAt" : ISODate("2023-06-15T22:25:10.667+0000"),
    "updatedAt" : ISODate("2023-08-09T12:09:53.165+0000"),
    "__v" : NumberInt(0),
    "fname" : "suet",
    "lname" : "cg",
    "phone" : 56998764323.0,
    "college" : "happi",
    "grade" : "Senior",
    "image" : "images/user/image-1686870579961.jpg",
    "username" : "usertest14"
}
{
    "_id" : ObjectId("648b9a14e2afd63bd9ec672b"),
    "interests" : [
        "Reading",
        "Travel",
        "Games",
        "Writing",
        "Cooking",
        "Film",
        "Art"
    ],
    "isTimerStarted" : NumberInt(1),
    "is_profanity_count" : NumberInt(1),
    "is_report_count" : NumberInt(0),
    "isOnline" : NumberInt(0),
    "is_notification" : NumberInt(1),
    "block_date" : NumberInt(0),
    "block_report_date" : NumberInt(0),
    "social_id" : 118013569538789020000.0,
    "password" : "$2b$10$hHH32igkYHed3.eBsTiiEuAMK6FGHMFifNRpwL.2qVT2Dq.xLv2Tm",
    "social_token" : "1",
    "device_token" : "0f89d4d0379f5d8cf64e6eaa31b9701eaf0d0031978e0f14099bd640c0a4a7ca",
    "device_type" : "Ios",
    "email" : "ab@yopmail.com",
    "createdAt" : ISODate("2023-06-15T23:09:08.546+0000"),
    "updatedAt" : ISODate("2023-08-30T17:45:00.115+0000"),
    "__v" : NumberInt(0),
    "token" : "eyJhbGciOiJIUzI1NiIsInR5cCI6IkpXVCJ9.eyJfaWQiOiI2NDhiOWExNGUyYWZkNjNiZDllYzY3MmIiLCJpYXQiOjE2OTMzNTA1Njl9.ueOGJnSXTQzSnbNSDKdooF-i_ikig5XfP0LU6hTVAHg",
    "fname" : "DavonN",
    "lname" : "Harris",
    "phone" : 6463420019.0,
    "college" : "Brooklyn Law School",
    "grade" : "Graduate Student",
    "image" : "images/user/image-1686870782968.jpg",
    "username" : "usertest15"
}
{
    "_id" : ObjectId("64930814f74dab2b6486e3e3"),
    "interests" : [
        "Sports",
        "Yoga",
        "Travel",
        "Dance"
    ],
    "isTimerStarted" : NumberInt(1),
    "is_profanity_count" : NumberInt(0),
    "is_report_count" : NumberInt(0),
    "isOnline" : NumberInt(1),
    "is_notification" : NumberInt(1),
    "block_date" : NumberInt(0),
    "block_report_date" : NumberInt(0),
    "social_id" : 10100907128230264.0,
    "password" : "$2b$10$9nS/hQO8g/C.wgFTBlmtFOrIxIRqUQw1qld9jLVgY24PejGGZMDB.",
    "social_token" : "0",
    "device_token" : "21e630175474ea94f101a6a12592aafad0a662a80b9b357e750eda3d5b8bc390",
    "device_type" : "Ios",
    "email" : "ab@yopmail.com",
    "createdAt" : ISODate("2023-06-21T14:24:20.358+0000"),
    "updatedAt" : ISODate("2023-08-09T12:09:53.165+0000"),
    "__v" : NumberInt(0),
    "token" : null,
    "fname" : "Beyoncé",
    "image" : "images/user/image-1687376185640.jpg",
    "lname" : "Wong",
    "phone" : 9172258193.0,
    "college" : "Academy of Art University",
    "grade" : "Graduate Student",
    "username" : "usertest16"
}
{
    "_id" : ObjectId("6495744d95c07d44a914b8e1"),
    "interests" : [
        "Film",
        "Travel",
        "Games",
        "Photo",
        "Cooking",
        "Yoga",
        "Reading",
        "Writing",
        "Art",
        "Dance"
    ],
    "isTimerStarted" : NumberInt(1),
    "is_profanity_count" : NumberInt(0),
    "is_report_count" : NumberInt(0),
    "isOnline" : NumberInt(0),
    "is_notification" : NumberInt(1),
    "block_date" : NumberInt(0),
    "block_report_date" : NumberInt(0),
    "social_id" : 108712495555341760000.0,
    "password" : "$2b$10$r92zytKjosq5nT0N3dMtkOvUfqg0tbFcAnrWcESQEnZ/xdeRrQBFa",
    "social_token" : "1",
    "device_token" : "3c6e7d0c60183e7037d1e0023b86d76bbaafedeb61c9d23a75105eaffc161053",
    "device_type" : "Ios",
    "email" : "abc@yopmail.com",
    "createdAt" : ISODate("2023-06-23T10:30:37.146+0000"),
    "updatedAt" : ISODate("2023-08-18T11:05:12.579+0000"),
    "__v" : NumberInt(0),
    "token" : null,
    "fname" : "Amandeep",
    "lname" : "Singh",
    "phone" : 34455655556.0,
    "college" : "h Jvjvjv h h jv",
    "grade" : "Graduate Student",
    "image" : "images/user/image-1692342149633.jpg",
    "username" : "usertest17"
}
{
    "_id" : ObjectId("64998efc95c07d44a914bd0b"),
    "interests" : [
        "Yoga"
    ],
    "isTimerStarted" : NumberInt(1),
    "is_profanity_count" : NumberInt(0),
    "is_report_count" : NumberInt(0),
    "isOnline" : NumberInt(1),
    "is_notification" : NumberInt(1),
    "block_date" : NumberInt(0),
    "block_report_date" : NumberInt(0),
    "social_id" : 111267165242451030000.0,
    "password" : "$2b$10$NHWN/fQCgTHn1Zour7dC/.4K2B8cHWIV/zEaz/.9JfNiDH3gHA6g6",
    "social_token" : "1",
    "device_token" : "de35eea91a296d5ec8c1e74425e1bcbc956c57ec962186c2a38b99cc15bcd4a9",
    "device_type" : "Ios",
    "email" : "ab@yopmail.com",
    "createdAt" : ISODate("2023-06-26T13:13:32.084+0000"),
    "updatedAt" : ISODate("2023-08-09T12:09:53.165+0000"),
    "__v" : NumberInt(0),
    "token" : null,
    "fname" : "Chd",
    "lname" : "Bch",
    "phone" : 9814238563.0,
    "college" : "ABC Beauty College Inc",
    "grade" : "Graduate Student",
    "username" : "usertest1008"
}
{
    "_id" : ObjectId("64bf5fc9ca96233ef87430bb"),
    "interests" : [

    ],
    "isTimerStarted" : NumberInt(0),
    "is_profanity_count" : NumberInt(0),
    "is_report_count" : NumberInt(0),
    "isOnline" : NumberInt(0),
    "is_notification" : NumberInt(1),
    "block_date" : NumberInt(0),
    "block_report_date" : NumberInt(0),
    "username" : "user11",
    "email" : "user6@gmail.com",
    "password" : "$2b$10$7Z6SVdM4x9HbPLhxU8pTkeJ3AC8fq7TRNSfc5P3zExnvWWdHmf18m",
    "fname" : "Test22",
    "lname" : "New",
    "ac_status" : "0",
    "membership" : "0",
    "token" : "eyJhbGciOiJIUzI1NiIsInR5cCI6IkpXVCJ9.eyJfaWQiOiI2NGJmNWZjOWNhOTYyMzNlZjg3NDMwYmIiLCJpYXQiOjE2OTAyNjM0OTd9.masU6DKDvUq0mzuD3ZZkHrNfIuzOddTss894DEvuRkA",
    "createdAt" : ISODate("2023-07-25T05:38:17.080+0000"),
    "updatedAt" : ISODate("2023-07-25T05:38:17.080+0000"),
    "__v" : NumberInt(0)
}
{
    "_id" : ObjectId("64bf5fd8ca96233ef87430bc"),
    "interests" : [

    ],
    "isTimerStarted" : NumberInt(0),
    "is_profanity_count" : NumberInt(0),
    "is_report_count" : NumberInt(0),
    "isOnline" : NumberInt(0),
    "is_notification" : NumberInt(1),
    "block_date" : NumberInt(0),
    "block_report_date" : NumberInt(0),
    "username" : "user2",
    "email" : "user2@gmail.com",
    "password" : "$2b$10$rrxQml5NFPHknTq8z.wY6uQSd0/dGRiRkHtbyNFj3SNoNbIVq8Y4e",
    "fname" : "Test22",
    "lname" : "New",
    "ac_status" : "0",
    "membership" : "0",
    "token" : "eyJhbGciOiJIUzI1NiIsInR5cCI6IkpXVCJ9.eyJfaWQiOiI2NGJmNWZkOGNhOTYyMzNlZjg3NDMwYmMiLCJpYXQiOjE2OTAyNjM1MTJ9.hFY9e2EH65ThnFQH84veEDFC78XiZmujmWaD1cSvVtA",
    "createdAt" : ISODate("2023-07-25T05:38:32.080+0000"),
    "updatedAt" : ISODate("2023-07-25T05:38:32.080+0000"),
    "__v" : NumberInt(0)
}
{
    "_id" : ObjectId("64bf5fe1ca96233ef87430bd"),
    "interests" : [

    ],
    "isTimerStarted" : NumberInt(0),
    "is_profanity_count" : NumberInt(0),
    "is_report_count" : NumberInt(0),
    "isOnline" : NumberInt(0),
    "is_notification" : NumberInt(1),
    "block_date" : NumberInt(0),
    "block_report_date" : NumberInt(0),
    "username" : "user3",
    "email" : "user3@gmail.com",
    "password" : "$2b$10$eTtkrwCInIP.9y8nKb6Efu8RwPAnT9RpfiY2L08JsAfRDKZGYW4l2",
    "fname" : "Test22",
    "lname" : "New",
    "ac_status" : "0",
    "membership" : "0",
    "token" : "eyJhbGciOiJIUzI1NiIsInR5cCI6IkpXVCJ9.eyJfaWQiOiI2NGJmNWZlMWNhOTYyMzNlZjg3NDMwYmQiLCJpYXQiOjE2OTAyNjM1MjF9.3GqajbsmYqFlD2uv9fAbRroJfQDFi_LeNtoV84Mk5Tk",
    "createdAt" : ISODate("2023-07-25T05:38:41.316+0000"),
    "updatedAt" : ISODate("2023-07-25T05:38:41.316+0000"),
    "__v" : NumberInt(0)
}
{
    "_id" : ObjectId("64bf5feaca96233ef87430be"),
    "interests" : [

    ],
    "isTimerStarted" : NumberInt(0),
    "is_profanity_count" : NumberInt(0),
    "is_report_count" : NumberInt(0),
    "isOnline" : NumberInt(0),
    "is_notification" : NumberInt(1),
    "block_date" : NumberInt(0),
    "block_report_date" : NumberInt(0),
    "username" : "user4",
    "email" : "user4@gmail.com",
    "password" : "$2b$10$dVFA4keaksdq6gNuoFzwk..1epd50Rfp9sHO8AkYrwHNyFJ6l1nSe",
    "fname" : "Test22",
    "lname" : "New",
    "ac_status" : "0",
    "membership" : "0",
    "token" : "eyJhbGciOiJIUzI1NiIsInR5cCI6IkpXVCJ9.eyJfaWQiOiI2NGJmNWZlYWNhOTYyMzNlZjg3NDMwYmUiLCJpYXQiOjE2OTIzNjEyMjJ9.-miNGXPoFv4bwjm7mTZe-pVTAjfcsbWjXUskI2TPlBg",
    "createdAt" : ISODate("2023-07-25T05:38:50.514+0000"),
    "updatedAt" : ISODate("2023-08-18T12:20:23.005+0000"),
    "__v" : NumberInt(0),
    "device_token" : null,
    "device_type" : "Android"
}
{
    "_id" : ObjectId("64bf8275ede35149ad1fba05"),
    "interests" : [

    ],
    "isTimerStarted" : NumberInt(0),
    "is_profanity_count" : NumberInt(0),
    "is_report_count" : NumberInt(0),
    "isOnline" : NumberInt(0),
    "is_notification" : NumberInt(1),
    "block_date" : NumberInt(0),
    "block_report_date" : NumberInt(0),
    "username" : "user14",
    "fname" : "Test22",
    "lname" : "New",
    "email" : "user14@gmail.com",
    "password" : "$2b$10$j0ymhLKjAaiHtp6ChsoOe.liNmuItfLu4CEHjuSE6ixsV0G9hLn16",
    "createdAt" : ISODate("2023-07-25T08:06:13.887+0000"),
    "updatedAt" : ISODate("2023-07-25T08:06:13.887+0000"),
    "__v" : NumberInt(0)
}
{
    "_id" : ObjectId("64bf8286ede35149ad1fba06"),
    "interests" : [

    ],
    "isTimerStarted" : NumberInt(0),
    "is_profanity_count" : NumberInt(0),
    "is_report_count" : NumberInt(0),
    "isOnline" : NumberInt(0),
    "is_notification" : NumberInt(1),
    "block_date" : NumberInt(0),
    "block_report_date" : NumberInt(0),
    "username" : "user44",
    "fname" : "Test22",
    "lname" : "New",
    "email" : "user44@gmail.com",
    "password" : "$2b$10$xV/Rzk5N5jKNouUIpUtPjOpFEl9o6FbgAauoOXlyuV/00x1l3EHtS",
    "createdAt" : ISODate("2023-07-25T08:06:30.755+0000"),
    "updatedAt" : ISODate("2023-07-25T08:06:30.755+0000"),
    "__v" : NumberInt(0)
}
{
    "_id" : ObjectId("64c0b40343cf8b402cbbef66"),
    "interests" : [

    ],
    "isTimerStarted" : NumberInt(0),
    "is_profanity_count" : NumberInt(0),
    "is_report_count" : NumberInt(0),
    "isOnline" : NumberInt(0),
    "is_notification" : NumberInt(1),
    "block_date" : NumberInt(0),
    "block_report_date" : NumberInt(0),
    "username" : "user94",
    "email" : "user9@gmail.com",
    "password" : "$2b$10$F/R3oXKK3P4K7iYJpvggt.zCbjhOhVRF2pJiwrV6irWF7cMeBpdiW",
    "fname" : "Test22",
    "lname" : "New",
    "ac_status" : "0",
    "membership" : "0",
    "token" : "eyJhbGciOiJIUzI1NiIsInR5cCI6IkpXVCJ9.eyJfaWQiOiI2NGMwYjQwMzQzY2Y4YjQwMmNiYmVmNjYiLCJpYXQiOjE2OTAzNTA1OTV9.wId2Rizd9rMnuqpeu2cqGvLesvn8Zq8k3b5FoGV9bgA",
    "createdAt" : ISODate("2023-07-26T05:49:55.128+0000"),
    "updatedAt" : ISODate("2023-07-26T05:49:55.128+0000"),
    "__v" : NumberInt(0)
}
{
    "_id" : ObjectId("64ccee7f3a1163fdc99d7df9"),
    "interests" : [

    ],
    "isTimerStarted" : NumberInt(0),
    "is_profanity_count" : NumberInt(0),
    "is_report_count" : NumberInt(0),
    "isOnline" : NumberInt(0),
    "is_notification" : NumberInt(1),
    "block_date" : NumberInt(0),
    "block_report_date" : NumberInt(0),
    "username" : "user1009",
    "email" : "user90@gmail.com",
    "password" : "$2b$10$xOMsl3HR.AhODFAmWBgd1ek/mnGpHWB0AQpjPpeUoCaxaY4lyPH66",
    "fname" : "Test22",
    "lname" : "New",
    "ac_status" : "0",
    "membership" : "0",
    "token" : "eyJhbGciOiJIUzI1NiIsInR5cCI6IkpXVCJ9.eyJfaWQiOiI2NGNjZWU3ZjNhMTE2M2ZkYzk5ZDdkZjkiLCJpYXQiOjE2OTExNTE5OTl9.VFTuvZLn5uJySSWp-KeF3t6ihGZU1_jCKUjIrCqhTKM",
    "createdAt" : ISODate("2023-08-04T12:26:39.395+0000"),
    "updatedAt" : ISODate("2023-08-04T12:26:39.395+0000"),
    "__v" : NumberInt(0)
}
{
    "_id" : ObjectId("64ce23f93a1163fdc99d7dfb"),
    "interests" : [

    ],
    "isTimerStarted" : NumberInt(0),
    "is_profanity_count" : NumberInt(0),
    "is_report_count" : NumberInt(0),
    "isOnline" : NumberInt(0),
    "is_notification" : NumberInt(1),
    "block_date" : NumberInt(0),
    "block_report_date" : NumberInt(0),
    "username" : "user41",
    "email" : "user41@gmail.com",
    "password" : "$2b$10$GinCgz..O5SJBuqBI.9gv.4lUFKc21ZruYjZM4fdKy4ZseEat1kQi",
    "fname" : "Test22",
    "lname" : "New",
    "ac_status" : "0",
    "membership" : "0",
    "token" : "eyJhbGciOiJIUzI1NiIsInR5cCI6IkpXVCJ9.eyJfaWQiOiI2NGNlMjNmOTNhMTE2M2ZkYzk5ZDdkZmIiLCJpYXQiOjE2OTEyMzEyMjV9.gp5fdyXZjrds3cVMvM75tTbH0ZTAEaZabt6kd3Zdqgw",
    "createdAt" : ISODate("2023-08-05T10:27:05.150+0000"),
    "updatedAt" : ISODate("2023-08-05T10:27:05.150+0000"),
    "__v" : NumberInt(0)
}
{
    "_id" : ObjectId("64ce2bc9479e043a2f149cb3"),
    "interests" : [

    ],
    "isTimerStarted" : NumberInt(0),
    "is_profanity_count" : NumberInt(0),
    "is_report_count" : NumberInt(0),
    "isOnline" : NumberInt(0),
    "is_notification" : NumberInt(1),
    "block_date" : NumberInt(0),
    "block_report_date" : NumberInt(0),
    "username" : "user42",
    "email" : "user42@gmail.com",
    "password" : "$2b$10$h6An9sN6yUS529663qA0wuZhgeQFDn4eaJoZMvf5X9D4DYUM4EuTm",
    "fname" : "Test22",
    "lname" : "New",
    "ac_status" : "0",
    "membership" : "0",
    "token" : "eyJhbGciOiJIUzI1NiIsInR5cCI6IkpXVCJ9.eyJfaWQiOiI2NGNlMmJjOTQ3OWUwNDNhMmYxNDljYjMiLCJpYXQiOjE2OTEyMzMyMjV9.XLiWaoVbNoqP-eVeqOFWNJb0-Xo2chNk_YmsPA7DDm8",
    "createdAt" : ISODate("2023-08-05T11:00:25.390+0000"),
    "updatedAt" : ISODate("2023-08-05T11:00:25.390+0000"),
    "__v" : NumberInt(0)
}
{
    "_id" : ObjectId("64d0d21c00b5dd53b2fa5a79"),
    "interests" : [

    ],
    "isTimerStarted" : NumberInt(0),
    "is_profanity_count" : NumberInt(0),
    "is_report_count" : NumberInt(0),
    "isOnline" : NumberInt(0),
    "is_notification" : NumberInt(1),
    "block_date" : NumberInt(0),
    "block_report_date" : NumberInt(0),
    "username" : "use69897",
    "email" : "user9000i09@gmail.com",
    "password" : "$2b$10$VWcapTyFYGZYEh4oRet/LeqkdjQdmlxP18BI6wSGgJnBkBCnwvoL.",
    "fname" : "Test22",
    "lname" : "New",
    "ac_status" : "0",
    "membership" : "0",
    "token" : "eyJhbGciOiJIUzI1NiIsInR5cCI6IkpXVCJ9.eyJfaWQiOiI2NGQwZDIxYzAwYjVkZDUzYjJmYTVhNzkiLCJpYXQiOjE2OTE0MDY4NzZ9._S2znwKqlBbR140AKapP4nglAol5-Z1jyKOZyi7DQkg",
    "createdAt" : ISODate("2023-08-07T11:14:36.749+0000"),
    "updatedAt" : ISODate("2023-08-07T11:14:36.749+0000"),
    "__v" : NumberInt(0)
}
{
    "_id" : ObjectId("64d343e2d11fc63a281dd436"),
    "interests" : [

    ],
    "isTimerStarted" : NumberInt(0),
    "is_profanity_count" : NumberInt(0),
    "is_report_count" : NumberInt(0),
    "isOnline" : NumberInt(0),
    "is_notification" : NumberInt(1),
    "block_date" : NumberInt(0),
    "block_report_date" : NumberInt(0),
    "username" : "user0",
    "email" : "user0@gmail.com",
    "password" : "$2b$10$6CC2W1QCK8a03Yul21.mlOqJGm2Ddco0eYxuWvMeqqPcB3sVYxuXS",
    "fname" : "Test0",
    "lname" : "New",
    "ac_status" : "0",
    "membership" : "0",
    "token" : "eyJhbGciOiJIUzI1NiIsInR5cCI6IkpXVCJ9.eyJfaWQiOiI2NGQzNDNlMmQxMWZjNjNhMjgxZGQ0MzYiLCJpYXQiOjE2OTE1NjcwNzR9.0MlzXZbogSbd2ngBnpGBURXiq4nolqeaZwKI4Bl4Sn0",
    "createdAt" : ISODate("2023-08-09T07:44:34.661+0000"),
    "updatedAt" : ISODate("2023-08-09T07:44:34.661+0000"),
    "__v" : NumberInt(0)
}
{
    "_id" : ObjectId("64ddd513d6deda24b4ff539c"),
    "interests" : [

    ],
    "isTimerStarted" : NumberInt(1),
    "is_profanity_count" : NumberInt(0),
    "is_report_count" : NumberInt(0),
    "isOnline" : NumberInt(1),
    "is_notification" : NumberInt(1),
    "block_date" : NumberInt(0),
    "block_report_date" : NumberInt(0),
    "username" : "Aman",
    "email" : "rabia@yopmail.com",
    "device_token" : "bcf2f7edbae98514b1e88d7b49f4656c1f67bb00da184c230071eb5619ae5f7e",
    "device_type" : "Ios",
    "password" : "$2b$10$DEKhLxVHB3hKxKDJXat/yeb3FJlLEORen.7e5c9a.q1I650aFx5NS",
    "ac_status" : "0",
    "membership" : "0",
    "token" : null,
    "createdAt" : ISODate("2023-08-17T08:06:43.672+0000"),
    "updatedAt" : ISODate("2023-08-17T10:49:02.744+0000"),
    "__v" : NumberInt(0),
    "fname" : "Manan",
    "lname" : "hehe",
    "phone" : 9874563210.0
}
{
    "_id" : ObjectId("64ddfd02d6deda24b4ff53a1"),
    "interests" : [

    ],
    "isTimerStarted" : NumberInt(1),
    "is_profanity_count" : NumberInt(0),
    "is_report_count" : NumberInt(0),
    "isOnline" : NumberInt(0),
    "is_notification" : NumberInt(1),
    "block_date" : NumberInt(0),
    "block_report_date" : NumberInt(0),
    "username" : "checked",
    "device_type" : "Ios",
    "email" : "shikhakati@gmail.com",
    "device_token" : "bcf2f7edbae98514b1e88d7b49f4656c1f67bb00da184c230071eb5619ae5f7e",
    "password" : "$2b$10$VGrJryK75EFads.dvQdyRemUsVwCgoXxBfOaCE6/2uBj/4DHhX6ue",
    "ac_status" : "0",
    "membership" : "0",
    "token" : null,
    "createdAt" : ISODate("2023-08-17T10:57:06.920+0000"),
    "updatedAt" : ISODate("2023-08-17T13:16:37.547+0000"),
    "__v" : NumberInt(0),
    "fname" : "Aman",
    "image" : "images/user/image-1692269928264.jpg",
    "lname" : "Singh",
    "phone" : 9874563210.0
}
{
    "_id" : ObjectId("64de1dc9d6deda24b4ff53a6"),
    "interests" : [

    ],
    "isTimerStarted" : NumberInt(1),
    "is_profanity_count" : NumberInt(0),
    "is_report_count" : NumberInt(0),
    "isOnline" : NumberInt(1),
    "is_notification" : NumberInt(1),
    "block_date" : NumberInt(0),
    "block_report_date" : NumberInt(0),
    "username" : "testing",
    "password" : "$2b$10$FtfDTvI6i9WupC064nvvMO6kyTkEk.5.bf5vWRHNssxRhPVKE9hdy",
    "device_type" : "Ios",
    "email" : "newtest@yopmail.com",
    "device_token" : "bcf2f7edbae98514b1e88d7b49f4656c1f67bb00da184c230071eb5619ae5f7e",
    "ac_status" : "0",
    "membership" : "0",
    "token" : null,
    "createdAt" : ISODate("2023-08-17T13:16:57.965+0000"),
    "updatedAt" : ISODate("2023-08-17T13:25:24.077+0000"),
    "__v" : NumberInt(0),
    "fname" : "Aman",
    "lname" : "Singh",
    "phone" : 9874532100.0,
    "college" : "Miami University-Oxford",
    "grade" : "Graduate Student"
}
{
    "_id" : ObjectId("64de1fd3d6deda24b4ff53b3"),
    "interests" : [

    ],
    "isTimerStarted" : NumberInt(1),
    "is_profanity_count" : NumberInt(0),
    "is_report_count" : NumberInt(0),
    "isOnline" : NumberInt(0),
    "is_notification" : NumberInt(1),
    "block_date" : NumberInt(0),
    "block_report_date" : NumberInt(0),
    "username" : "Aman2",
    "email" : "ghi@yopmail.com",
    "device_token" : "bcf2f7edbae98514b1e88d7b49f4656c1f67bb00da184c230071eb5619ae5f7e",
    "password" : "$2b$10$JXjmFZH1fp/PZt1M08DAKO9JM7xr1fBGG7kQ1ngxCX3hBTb8w99X6",
    "device_type" : "Ios",
    "ac_status" : "0",
    "membership" : "0",
    "token" : null,
    "createdAt" : ISODate("2023-08-17T13:25:39.848+0000"),
    "updatedAt" : ISODate("2023-08-18T11:22:49.367+0000"),
    "__v" : NumberInt(0),
    "fname" : "Amanjai",
    "lname" : "as gh bnn",
    "phone" : 9865321408.0,
    "image" : "images/user/image-1692357736534.jpg"
}
{
    "_id" : ObjectId("64df50a690e78fd20b11d832"),
    "interests" : [
        "Yoga",
        "Art",
        "Film",
        "Writing"
    ],
    "isTimerStarted" : NumberInt(1),
    "is_profanity_count" : NumberInt(0),
    "is_report_count" : NumberInt(0),
    "isOnline" : NumberInt(0),
    "is_notification" : NumberInt(1),
    "block_date" : NumberInt(0),
    "block_report_date" : NumberInt(0),
    "username" : "Shikha12",
    "email" : "sk@yopmail.com",
    "device_token" : "cbb71ffe1ca93082d43849a342a954544825159475136eda23c31623f852dbab",
    "device_type" : "Ios",
    "password" : "$2b$10$NzjaIL0FqeKrjQJgMGYyveUSsjSPGn.4Llsh/kXi64x7YMOgnB2Sm",
    "ac_status" : "0",
    "membership" : "0",
    "token" : "eyJhbGciOiJIUzI1NiIsInR5cCI6IkpXVCJ9.eyJfaWQiOiI2NGRmNTBhNjkwZTc4ZmQyMGIxMWQ4MzIiLCJpYXQiOjE2OTI4Nzc5MDF9.j14fYZgvOxAmQEbfkOFpZXLASn56iJc152cAIgmS5Mg",
    "createdAt" : ISODate("2023-08-18T11:06:14.638+0000"),
    "updatedAt" : ISODate("2023-08-24T12:20:52.462+0000"),
    "__v" : NumberInt(0),
    "fname" : "Shikha",
    "lname" : "Katiyar",
    "phone" : 7895858586.0,
    "college" : "A T Still University of Health Sciences",
    "grade" : "Freshman",
    "image" : "images/user/image-1692878131380.jpg"
}
{
    "_id" : ObjectId("64df518290e78fd20b11d83e"),
    "interests" : [
        "Yoga",
        "Sports",
        "Music",
        "Dance",
        "Travel",
        "Games",
        "Reading"
    ],
    "isTimerStarted" : NumberInt(1),
    "is_profanity_count" : NumberInt(0),
    "is_report_count" : NumberInt(0),
    "isOnline" : NumberInt(0),
    "is_notification" : NumberInt(1),
    "block_date" : NumberInt(0),
    "block_report_date" : NumberInt(0),
    "username" : "vikram12",
    "email" : "vk@yopmail.com",
    "password" : "$2b$10$AOmlsGGhm2YeQs31eqrRzOySYPEJkeSMCZ9t6G3GHO.z88ean4gYe",
    "device_token" : "3c6e7d0c60183e7037d1e0023b86d76bbaafedeb61c9d23a75105eaffc161053",
    "device_type" : "Ios",
    "ac_status" : "0",
    "membership" : "0",
    "token" : "eyJhbGciOiJIUzI1NiIsInR5cCI6IkpXVCJ9.eyJfaWQiOiI2NGRmNTE4MjkwZTc4ZmQyMGIxMWQ4M2UiLCJpYXQiOjE2OTIzNTY5OTR9.O3RrLweWQcNRrv0oThZBZxqS9sxHxUO6BBeRNVDs8ds",
    "createdAt" : ISODate("2023-08-18T11:09:54.887+0000"),
    "updatedAt" : ISODate("2023-08-18T11:13:22.957+0000"),
    "__v" : NumberInt(0),
    "fname" : "Vikram",
    "lname" : "dhiman",
    "phone" : 78899988554.0,
    "college" : "AVTEC-Alaskas Institute of Technology",
    "grade" : "Sophomore"
}
{
    "_id" : ObjectId("64df54d390e78fd20b11d85a"),
    "interests" : [

    ],
    "isTimerStarted" : NumberInt(1),
    "is_profanity_count" : NumberInt(0),
    "is_report_count" : NumberInt(0),
    "isOnline" : NumberInt(0),
    "is_notification" : NumberInt(1),
    "block_date" : NumberInt(0),
    "block_report_date" : NumberInt(0),
    "username" : "ncjcjc",
    "device_type" : "Ios",
    "password" : "$2b$10$K59YwL3jzIVChb9mw0JJfOStkdH6reAlPU9NEE0qe8uLtH7I1ghRi",
    "email" : "shikha@gmail.com",
    "device_token" : "bcf2f7edbae98514b1e88d7b49f4656c1f67bb00da184c230071eb5619ae5f7e",
    "ac_status" : "0",
    "membership" : "0",
    "token" : "eyJhbGciOiJIUzI1NiIsInR5cCI6IkpXVCJ9.eyJfaWQiOiI2NGRmNTRkMzkwZTc4ZmQyMGIxMWQ4NWEiLCJpYXQiOjE2OTIzNTc4NDN9.xTEm3wrkX72oN6uFnHhqdzEciKYOFZgPldL011GPjeg",
    "createdAt" : ISODate("2023-08-18T11:24:03.443+0000"),
    "updatedAt" : ISODate("2023-08-18T13:08:16.094+0000"),
    "__v" : NumberInt(0),
    "fname" : "jcjc ",
    "image" : "images/user/image-1692357860899.jpg",
    "lname" : "b b ",
    "phone" : 9874563210.0
}
{
    "_id" : ObjectId("64df6effb2feac39ba878d31"),
    "interests" : [

    ],
    "isTimerStarted" : NumberInt(1),
    "is_profanity_count" : NumberInt(0),
    "is_report_count" : NumberInt(0),
    "isOnline" : NumberInt(0),
    "is_notification" : NumberInt(1),
    "block_date" : NumberInt(0),
    "block_report_date" : NumberInt(0),
    "username" : "shik",
    "email" : "shik@gmail.com",
    "password" : "$2b$10$rMrH0PL2EKG0B6135yBmCOuBmXeUT/O3omc0OvK3ZTPOg/Bgb0CZi",
    "device_token" : "bcf2f7edbae98514b1e88d7b49f4656c1f67bb00da184c230071eb5619ae5f7e",
    "device_type" : "Ios",
    "ac_status" : "0",
    "membership" : "0",
    "token" : "eyJhbGciOiJIUzI1NiIsInR5cCI6IkpXVCJ9.eyJfaWQiOiI2NGRmNmVmZmIyZmVhYzM5YmE4NzhkMzEiLCJpYXQiOjE2OTIzNjQ1NDN9.H4ixbMANe9VDP5xRJxHofkZ3ciO4T6PcpEbn3LsQt5I",
    "createdAt" : ISODate("2023-08-18T13:15:43.909+0000"),
    "updatedAt" : ISODate("2023-08-24T10:08:08.214+0000"),
    "__v" : NumberInt(0),
    "fname" : "shik",
    "image" : "images/user/image-1692364573043.jpg",
    "lname" : "Shikha",
    "phone" : 9874563210.0,
    "grade" : "Graduate Student"
}
{
    "_id" : ObjectId("64e7370752592ecf228324e6"),
    "interests" : [
        "Yoga",
        "Film",
        "Travel",
        "Writing",
        "Sports"
    ],
    "isTimerStarted" : NumberInt(1),
    "is_profanity_count" : NumberInt(0),
    "is_report_count" : NumberInt(0),
    "isOnline" : NumberInt(1),
    "is_notification" : NumberInt(1),
    "block_date" : NumberInt(0),
    "block_report_date" : NumberInt(0),
    "username" : "happ",
    "device_type" : "Ios",
    "device_token" : "bcf2f7edbae98514b1e88d7b49f4656c1f67bb00da184c230071eb5619ae5f7e",
    "password" : "$2b$10$KRBngqb.5I./T4PFBZwTN.YDhYaDgaFLszDtasEZHuwX2rsoCwXSS",
    "email" : "happiroom@gmail.com",
    "ac_status" : "0",
    "membership" : "0",
    "token" : "eyJhbGciOiJIUzI1NiIsInR5cCI6IkpXVCJ9.eyJfaWQiOiI2NGU3MzcwNzUyNTkyZWNmMjI4MzI0ZTYiLCJpYXQiOjE2OTI4NzQ1MDN9.iwCPkiiVcvMZBQ2wsVCqsAS-lb45zsK74BRyM3aPJks",
    "createdAt" : ISODate("2023-08-24T10:55:03.427+0000"),
    "updatedAt" : ISODate("2023-08-25T10:48:58.841+0000"),
    "__v" : NumberInt(0),
    "fname" : "jazz",
    "lname" : "hi",
    "phone" : 9874563210.0,
    "college" : "AI Miami International University of Art and Design",
    "grade" : "Graduate Student",
    "image" : "images/user/image-1692874758018.jpg"
}
{
    "_id" : ObjectId("64e743ff7094a350b8c7489a"),
    "interests" : [

    ],
    "isTimerStarted" : NumberInt(1),
    "is_profanity_count" : NumberInt(0),
    "is_report_count" : NumberInt(0),
    "isOnline" : NumberInt(1),
    "is_notification" : NumberInt(1),
    "block_date" : NumberInt(0),
    "block_report_date" : NumberInt(0),
    "username" : "shikha12",
    "password" : "$2b$10$GPAzNmr4WZmdFWKdU8wLVeDnSwTJPufuM6dZ1XMUU6h8lOzFpcDIS",
    "device_token" : "cbb71ffe1ca93082d43849a342a954544825159475136eda23c31623f852dbab",
    "email" : "shikha@yopmail.com",
    "device_type" : "Ios",
    "ac_status" : "0",
    "membership" : "0",
    "token" : null,
    "createdAt" : ISODate("2023-08-24T11:50:23.784+0000"),
    "updatedAt" : ISODate("2023-08-24T11:51:30.869+0000"),
    "__v" : NumberInt(0),
    "fname" : "shikha",
    "lname" : "Katiyar",
    "phone" : 5454551513.0
}
{
    "_id" : ObjectId("64e74bb74cddab2c4cde07c3"),
    "interests" : [

    ],
    "isTimerStarted" : NumberInt(0),
    "is_profanity_count" : NumberInt(0),
    "is_report_count" : NumberInt(0),
    "isOnline" : NumberInt(0),
    "is_notification" : NumberInt(1),
    "block_date" : NumberInt(0),
    "block_report_date" : NumberInt(0),
    "username" : "amit1",
    "email" : "user1@gmail.com",
    "password" : "$2b$10$a/dtU/gNrPy1ZHyi9qSBiuJZLYxmUnaUbpok7RUoHKxafXckx76xS",
    "fname" : "Test0",
    "lname" : "New",
    "ac_status" : "0",
    "membership" : "0",
    "token" : "eyJhbGciOiJIUzI1NiIsInR5cCI6IkpXVCJ9.eyJfaWQiOiI2NGU3NGJiNzRjZGRhYjJjNGNkZTA3YzMiLCJpYXQiOjE2OTI4Nzk3OTl9.XQ9vOcKjGm0XD6nQy1nKLyXReAEQQ7hEtMfUMHslYss",
    "createdAt" : ISODate("2023-08-24T12:23:19.260+0000"),
    "updatedAt" : ISODate("2023-08-24T12:23:19.260+0000"),
    "__v" : NumberInt(0)
}
{
    "_id" : ObjectId("64e74cef4cddab2c4cde07c4"),
    "interests" : [

    ],
    "isTimerStarted" : NumberInt(0),
    "is_profanity_count" : NumberInt(0),
    "is_report_count" : NumberInt(0),
    "isOnline" : NumberInt(0),
    "is_notification" : NumberInt(1),
    "block_date" : NumberInt(0),
    "block_report_date" : NumberInt(0),
    "username" : "kumar",
    "email" : "kumar@gmail.com",
    "password" : "$2b$10$jNs/cwuZzMQ75ga6VPMdNejtqhYNzeqpcQB6vo8jc0phoBTxfEb2G",
    "fname" : "Test0",
    "lname" : "New",
    "ac_status" : "0",
    "membership" : "0",
    "token" : "eyJhbGciOiJIUzI1NiIsInR5cCI6IkpXVCJ9.eyJfaWQiOiI2NGU3NGNlZjRjZGRhYjJjNGNkZTA3YzQiLCJpYXQiOjE2OTI4ODAxMTF9.pBOwY2nzXACZCoRdZ9g-TYLb61TvVE6aNVxYQj2jTlo",
    "createdAt" : ISODate("2023-08-24T12:28:31.976+0000"),
    "updatedAt" : ISODate("2023-08-24T12:28:31.976+0000"),
    "__v" : NumberInt(0)
}
{
    "_id" : ObjectId("64e74d407094a350b8c7492a"),
    "interests" : [

    ],
    "isTimerStarted" : NumberInt(0),
    "is_profanity_count" : NumberInt(0),
    "is_report_count" : NumberInt(0),
    "isOnline" : NumberInt(0),
    "is_notification" : NumberInt(1),
    "block_date" : NumberInt(0),
    "block_report_date" : NumberInt(0),
    "username" : "kumar1",
    "email" : "kumar1@gmail.com",
    "password" : "$2b$10$ij4yxJ9L20CULS9b6VrCsu.bgzWXXnQfXpquaqSjl11a1ILH1ihK2",
    "fname" : "Test22",
    "lname" : "New",
    "ac_status" : "0",
    "membership" : "0",
    "token" : "eyJhbGciOiJIUzI1NiIsInR5cCI6IkpXVCJ9.eyJfaWQiOiI2NGU3NGQ0MDcwOTRhMzUwYjhjNzQ5MmEiLCJpYXQiOjE2OTI4ODAxOTJ9.gMUlvQGh49MJp00j640JtB7pl6pTps8IC0fbDt6DEdw",
    "createdAt" : ISODate("2023-08-24T12:29:52.634+0000"),
    "updatedAt" : ISODate("2023-08-24T12:29:52.634+0000"),
    "__v" : NumberInt(0)
}
{
    "_id" : ObjectId("64e74d4a7094a350b8c7492b"),
    "interests" : [

    ],
    "isTimerStarted" : NumberInt(0),
    "is_profanity_count" : NumberInt(0),
    "is_report_count" : NumberInt(0),
    "isOnline" : NumberInt(0),
    "is_notification" : NumberInt(1),
    "block_date" : NumberInt(0),
    "block_report_date" : NumberInt(0),
    "username" : "Kumar1",
    "email" : "kumar2@gmail.com",
    "password" : "$2b$10$auhcine4QmmUbKqoqs4zWuZqXS3vUY17j.wAcbdjG7/JYVMXbkzHO",
    "fname" : "Test22",
    "lname" : "New",
    "ac_status" : "0",
    "membership" : "0",
    "token" : "eyJhbGciOiJIUzI1NiIsInR5cCI6IkpXVCJ9.eyJfaWQiOiI2NGU3NGQ0YTcwOTRhMzUwYjhjNzQ5MmIiLCJpYXQiOjE2OTI4ODAyMDJ9.upa0aeNCZLgOQSSnZAdosTCVWZR5Y62YlmTcz5e0JN4",
    "createdAt" : ISODate("2023-08-24T12:30:02.713+0000"),
    "updatedAt" : ISODate("2023-08-24T12:30:02.713+0000"),
    "__v" : NumberInt(0)
}
{
    "_id" : ObjectId("64e751813e726e6e58e4faa1"),
    "interests" : [

    ],
    "isTimerStarted" : NumberInt(0),
    "is_profanity_count" : NumberInt(0),
    "is_report_count" : NumberInt(0),
    "isOnline" : NumberInt(0),
    "is_notification" : NumberInt(1),
    "block_date" : NumberInt(0),
    "block_report_date" : NumberInt(0),
    "username" : "kumar4",
    "email" : "kumar4@gmail.com",
    "password" : "$2b$10$iTjRO3qKY.3pEkuYRvW7IOcXb4Lw4sHrKVUau15KB.aFKs3MAwOlC",
    "fname" : "Test22",
    "lname" : "New",
    "ac_status" : "0",
    "membership" : "0",
    "token" : "eyJhbGciOiJIUzI1NiIsInR5cCI6IkpXVCJ9.eyJfaWQiOiI2NGU3NTE4MTNlNzI2ZTZlNThlNGZhYTEiLCJpYXQiOjE2OTI4ODEyODF9.xiQuHPTQeLQDtt-9eTOCWMh5dCed9tVO-79-X4HB_4o",
    "createdAt" : ISODate("2023-08-24T12:48:01.101+0000"),
    "updatedAt" : ISODate("2023-08-24T12:48:01.101+0000"),
    "__v" : NumberInt(0)
}
{
    "_id" : ObjectId("64ec9685392526d75c6338f8"),
    "interests" : [

    ],
    "isTimerStarted" : NumberInt(0),
    "is_profanity_count" : NumberInt(0),
    "is_report_count" : NumberInt(0),
    "isOnline" : NumberInt(0),
    "is_notification" : NumberInt(1),
    "block_date" : NumberInt(0),
    "block_report_date" : NumberInt(0),
    "username" : "Kumar41",
    "email" : "kumar44@gmail.com",
    "password" : "$2b$10$mgajnpdZMUtrUV6wHvsrluv9Cn1C/MyrYxNarpO/p.gbvlcLhxwOO",
    "fname" : "Test22",
    "lname" : "New",
    "ac_status" : "0",
    "membership" : "0",
    "token" : "eyJhbGciOiJIUzI1NiIsInR5cCI6IkpXVCJ9.eyJfaWQiOiI2NGVjOTY4NTM5MjUyNmQ3NWM2MzM4ZjgiLCJpYXQiOjE2OTMyMjY2Mjl9.bTm3qPw2RZb1HvflswyCNXIwDfXQLNH8oG4f2WSnv7A",
    "createdAt" : ISODate("2023-08-28T12:43:49.157+0000"),
    "updatedAt" : ISODate("2023-08-28T12:43:49.157+0000"),
    "__v" : NumberInt(0)
}
{
    "_id" : ObjectId("64edae84392526d75c63398c"),
    "interests" : [
        "Yoga",
        "Reading",
        "Travel",
        "Sports",
        "Film",
        "Cooking",
        "Writing"
    ],
    "isTimerStarted" : NumberInt(1),
    "is_profanity_count" : NumberInt(0),
    "is_report_count" : NumberInt(0),
    "isOnline" : NumberInt(1),
    "is_notification" : NumberInt(1),
    "block_date" : NumberInt(0),
    "block_report_date" : NumberInt(0),
    "username" : "test890",
    "password" : "$2b$10$44icSrJWCDs10D7CMqxmSux4YhAl/BE2WeqWr6FL.JorCagucFKZe",
    "email" : "test@gmail.com",
    "device_type" : "Ios",
    "device_token" : "1285e0b184d9c61c02e143d086e7360b6a0fca921c426b8f16e0147e566591ca",
    "ac_status" : "0",
    "membership" : "0",
    "token" : null,
    "createdAt" : ISODate("2023-08-29T08:38:28.791+0000"),
    "updatedAt" : ISODate("2023-08-29T09:42:35.946+0000"),
    "__v" : NumberInt(0),
    "fname" : "test",
    "image" : "images/user/image-1693298330978.jpg",
    "lname" : "hey",
    "phone" : 9874562210.0,
    "college" : "Mohave Community College",
    "grade" : "Graduate Student"
}
{
    "_id" : ObjectId("64edbd9b392526d75c63398d"),
    "interests" : [
        "Film",
        "Reading",
        "Photo",
        "Music",
        "Sports",
        "Writing"
    ],
    "isTimerStarted" : NumberInt(1),
    "is_profanity_count" : NumberInt(0),
    "is_report_count" : NumberInt(0),
    "isOnline" : NumberInt(1),
    "is_notification" : NumberInt(1),
    "block_date" : NumberInt(0),
    "block_report_date" : NumberInt(0),
    "username" : "amit1245",
    "device_type" : "Ios",
    "email" : "amit@gmail.com",
    "device_token" : "1285e0b184d9c61c02e143d086e7360b6a0fca921c426b8f16e0147e566591ca",
    "password" : "$2b$10$uUqdmCBqxaHvfVpdjUsY1eIBBvKJ38ONYKZAoNkBTAwkNBSrEL.ci",
    "ac_status" : "0",
    "membership" : "0",
    "token" : null,
    "createdAt" : ISODate("2023-08-29T09:42:51.124+0000"),
    "updatedAt" : ISODate("2023-08-29T12:10:39.571+0000"),
    "__v" : NumberInt(0),
    "fname" : "Amit",
    "lname" : "shsh",
    "phone" : 9874563210.0,
    "college" : "Air Force Institute of Technology-Graduate School of Engineering & Management",
    "grade" : "Graduate Student",
    "image" : "images/user/image-1693310611877.jpg"
}
{
    "_id" : ObjectId("64ede04b392526d75c6339b1"),
    "interests" : [

    ],
    "isTimerStarted" : NumberInt(1),
    "is_profanity_count" : NumberInt(0),
    "is_report_count" : NumberInt(0),
    "isOnline" : NumberInt(0),
    "is_notification" : NumberInt(1),
    "block_date" : NumberInt(0),
    "block_report_date" : NumberInt(0),
    "username" : "mahesh",
    "email" : "new@yopmail.com",
    "password" : "$2b$10$jLjfFycbihqXANrrDNMUKOKP1ZvpzSM9/6h1oRb/F59LfaaygtkLW",
    "device_token" : "1285e0b184d9c61c02e143d086e7360b6a0fca921c426b8f16e0147e566591ca",
    "device_type" : "Ios",
    "ac_status" : "0",
    "membership" : "0",
    "token" : "eyJhbGciOiJIUzI1NiIsInR5cCI6IkpXVCJ9.eyJfaWQiOiI2NGVkZTA0YjM5MjUyNmQ3NWM2MzM5YjEiLCJpYXQiOjE2OTMzMTEwNTF9.JozMqPBjlw8Ga7ruWDTTaW3kfEph-ErlxO94041s7kA",
    "createdAt" : ISODate("2023-08-29T12:10:51.885+0000"),
    "updatedAt" : ISODate("2023-08-29T12:19:33.537+0000"),
    "__v" : NumberInt(0),
    "fname" : "Dhjd",
    "lname" : "zbbz",
    "phone" : 9874563210.0,
    "college" : "Anoka-Ramsey Community College",
    "grade" : "Senior"
}
{
    "_id" : ObjectId("64ede390392526d75c6339b2"),
    "interests" : [

    ],
    "isTimerStarted" : NumberInt(1),
    "is_profanity_count" : NumberInt(0),
    "is_report_count" : NumberInt(0),
    "isOnline" : NumberInt(0),
    "is_notification" : NumberInt(1),
    "block_date" : NumberInt(0),
    "block_report_date" : NumberInt(0),
    "username" : "jfjf",
    "device_token" : "1285e0b184d9c61c02e143d086e7360b6a0fca921c426b8f16e0147e566591ca",
    "device_type" : "Ios",
    "password" : "$2b$10$DriPH0U5pFtccuI15i1.U.P/.LCivCmktFNWp5P6lHUEzjsQQtmuW",
    "email" : "hdj@gmail.com",
    "ac_status" : "0",
    "membership" : "0",
    "token" : "eyJhbGciOiJIUzI1NiIsInR5cCI6IkpXVCJ9.eyJfaWQiOiI2NGVkZTM5MDM5MjUyNmQ3NWM2MzM5YjIiLCJpYXQiOjE2OTMzMTE4ODh9.vxebFfs0yXuJ_GmzhzyRe2U7MDfHV0hJqvdP5H2T-hg",
    "createdAt" : ISODate("2023-08-29T12:24:48.443+0000"),
    "updatedAt" : ISODate("2023-08-29T12:29:16.733+0000"),
    "__v" : NumberInt(0),
    "fname" : "Hxhxh",
    "lname" : "did",
    "phone" : 9874563210.0,
    "college" : "Northhaven Academy",
    "grade" : "Graduate Student"
}
{
    "_id" : ObjectId("64ede4d4392526d75c6339b3"),
    "interests" : [
        "Travel",
        "Reading"
    ],
    "isTimerStarted" : NumberInt(1),
    "is_profanity_count" : NumberInt(0),
    "is_report_count" : NumberInt(0),
    "isOnline" : NumberInt(1),
    "is_notification" : NumberInt(1),
    "block_date" : NumberInt(0),
    "block_report_date" : NumberInt(0),
    "username" : "chchhd",
    "device_type" : "Ios",
    "email" : "as@gmail.com",
    "password" : "$2b$10$jEj.CUyW5MHG4aU6RjSia.E66vG2nCZDza7Gl/wC8nsTUmjj2BN1G",
    "device_token" : "1285e0b184d9c61c02e143d086e7360b6a0fca921c426b8f16e0147e566591ca",
    "ac_status" : "0",
    "membership" : "0",
    "token" : null,
    "createdAt" : ISODate("2023-08-29T12:30:12.176+0000"),
    "updatedAt" : ISODate("2023-08-29T12:48:07.012+0000"),
    "__v" : NumberInt(0),
    "fname" : "Hdhdhd",
    "lname" : "gshs",
    "phone" : 9874563210.0,
    "college" : "Academy of Careers and Technology",
    "grade" : "Graduate Student"
}
{
    "_id" : ObjectId("64ede919392526d75c6339b4"),
    "interests" : [
        "Art",
        "Writing"
    ],
    "isTimerStarted" : NumberInt(1),
    "is_profanity_count" : NumberInt(0),
    "is_report_count" : NumberInt(0),
    "isOnline" : NumberInt(1),
    "is_notification" : NumberInt(1),
    "block_date" : NumberInt(0),
    "block_report_date" : NumberInt(0),
    "username" : "hdjd",
    "device_token" : "1285e0b184d9c61c02e143d086e7360b6a0fca921c426b8f16e0147e566591ca",
    "email" : "lime@gmail.com",
    "password" : "$2b$10$MnARZNIwqXB8GHyd/f9Ar.2o67oez6vqjBsKY0IB9YiBu2rteEwpa",
    "device_type" : "Ios",
    "ac_status" : "0",
    "membership" : "0",
    "token" : "eyJhbGciOiJIUzI1NiIsInR5cCI6IkpXVCJ9.eyJfaWQiOiI2NGVkZTkxOTM5MjUyNmQ3NWM2MzM5YjQiLCJpYXQiOjE2OTMzMTMzMDV9.FnDRngRDc4OkT--J3fEiKcwJFssSG6totXgEdBVXkno",
    "createdAt" : ISODate("2023-08-29T12:48:25.915+0000"),
    "updatedAt" : ISODate("2023-08-29T13:09:21.225+0000"),
    "__v" : NumberInt(0),
    "fname" : "m me",
    "lname" : "Jcjc",
    "phone" : 9874563210.0,
    "college" : "Alvareitas College of Cosmetology-Edwardsville",
    "grade" : "Graduate Student"
}
